[PETS]
Hedgehog|ultra rare|66.75;65.25;65.5;65.65;66.75|250;262;251;251;250|1000;1065.25;1010;1010;1000
African Wild Dog|ultra rare|154;152;152;152.9;154|532;547;531;531;532|1940;2016;1938;1938.9;1940
Dalmatian|ultra rare|59;57.5;57.75;57.9;59|198;208;197.5;197.5;198|792;849.5;800;800;792
Pelican|ultra rare|36.5;36.75;35.25;35.5;36.5|145;150;144;144;145|580;600;578;578.9;580
Flamingo|ultra rare|21;19.5;19.75;19.9;21|75;74;74;74;75|290;315;288;288.9;290
Mini Pig|ultra rare|41.5;40;40.25;40.5;41.5|120;118;119;119;120|423;433;421;421.9;423
Peppermint Penguin|ultra rare|26.75;25.25;25.5;25.75;26.75|96;94;95;95;96|380;395;378;378.9;380
Caterpillar|ultra rare|19;19;19.4;19.45;20|79;77;78;78;79|318;321;316;316.9;318
Lion|ultra rare|14.75;13.25;13.5;13.65;14.75|47;46;46;46;47|186;202;184;184.9;186
Irish Water Spaniel|ultra rare|9.5;9.5;9.8;9.85;10.25|41;39;40;40;41|166;166;164;164.9;166
Tortuga de la Isla|ultra rare|6.75;6.75;7.05;7.1;7.5|30;28;29;29;30|124;124;122;122.9;124
Crocodile|ultra rare|14.5;13;13.25;13.4;14.5|44;43;43;43;44|168;184;166;166.9;168
Purple Butterfly|ultra rare|3.25;3.25;3.55;3.6;4|16;14;15;15;16|66;63;64;64.9;66
Glacier Moth|ultra rare|7;7;7.3;7.35;7.75|31;29;30;30;31|128;125;126;126.9;128
Puffin|ultra rare|4.75;4.75;5.05;5.1;5.5|22;20;21;21;22|92;92;90;90.9;92
Goat|ultra rare|6.5;6.5;6.8;6.85;7.25|29;27;28;28;29|120;118;118;118.9;120
Honey Badger|ultra rare|6;6;6.3;6.35;6.75|28;26;27;27;28|112;109;110;110.9;112
Arctic Fox|ultra rare|7.5;6;6.25;6.4;7.5|22;21;21;21;22|82;85;80;80.9;82
Kookaburra|ultra rare|2.25;2.25;2.5;2.5;2.8|12;10.9;11.45;11.45;12|50;47;48;48.9;50
Jellyfish|ultra rare|9.25;9.25;9.55;9.6;10|40;38;39;39;40|160;158;158;158.9;160
Sheeeeep|ultra rare|6;6;6.3;6.35;6.75|26;24;25;25;26|108;108;106;106.9;108
Bald Eagle|ultra rare|11;11;11.3;11.35;11.75|47;45;46;46;47|192;190;190;190.9;192
Many Mackerel|ultra rare|7.25;7.25;7.55;7.6;8|32;30;31;31;32|132;130;130;130.9;132
Lion Cub|ultra rare|7.5;7.5;7.8;7.85;8.25|33;31;32;32;33|134;132;132;132.9;134
Groundhog|ultra rare|4.25;4.25;4.55;4.6;5|20;18;19;19;20|83;81;81;81.9;83
Alpaca|ultra rare|20.5;20.5;20.9;20.95;21.5|82;80;81;81;82|326;324;324;324.9;326
Wood Pigeon|ultra rare|2.75;2.75;3;3;3.35|14;12.5;13.25;13.25;14|58;55;56;56.9;58
Platypus|ultra rare|4.25;4.25;4.55;4.6;5|20;19;19;19;20|80;87;78;78.9;80
Christmas Pudding Pup|ultra rare|5;5;5.3;5.35;5.75|22.5;20.5;21.5;21.5;22.5|91;88;89;89.9;91
Ice Wolf|ultra rare|1.45;1.45;1.7;1.7;2|8.1;7;7.55;7.55;8.1|33.4;30.4;31.4;32.3;33.4
Happy Clam|ultra rare|4.25;4.25;4.55;4.6;5|20;18;19;19;20|83;80;81;81.9;83
Zombie Buffalo|ultra rare|12.25;12.25;11.85;11.9;12.25|48;51;47;47;48|192;217;190;190.9;192
Turkey|ultra rare|2;2;2.25;2.25;2.75|11;9.5;10.25;10.25;11|45;47;43;43.9;45
Llama|ultra rare|2.25;2.25;2.5;2.5;3|12;10.5;11.25;11.25;12|49;51;47;47.9;49
Ice Cream Hermit Crab|ultra rare|2.15;2.15;2.4;2.4;2.75|11.5;10;10.75;10.75;11.5|48;45;46;46.9;48
Slime|ultra rare|2.25;2.25;2.5;2.5;2.8|12;10.9;11.25;11.25;12|50;47;48;48.9;50
Red Sand Dollar|ultra rare|0.99;0.99;1.21;1.21;1.49|5.75;4.75;5.25;5.25;5.75|24;21;22;22.9;24
White Sand Dollar|ultra rare|0.99;0.99;1.21;1.21;1.49|5.75;4.75;5.25;5.25;5.75|24;21;22;22.9;24
Orange Butterfly|ultra rare|0.74;0.74;0.96;0.96;1.24|4.5;3.75;4.13;4.13;4.5|19;16;17;17.9;19
Hummingbird|ultra rare|0.19;0.19;0.39;0.39;0.64|1.75;1.2;1.48;1.48;1.75|7.25;5.15;6.2;6.2;7.25
Snowball Pet|ultra rare|0.68;0.68;0.9;0.9;1.18|4.2;3.45;3.83;3.83;4.2|17.8;14.8;15.8;16.7;17.8
Snow Monkey|ultra rare|1.18;1.18;1.43;1.43;1.73|6.75;5.65;6.2;6.2;6.75|28;25;26;26.9;28
Royal Palace Spaniel|ultra rare|0.48;0.48;0.68;0.68;0.93|3.2;2.55;2.88;2.88;3.2|13.8;11.05;12.05;12.7;13.8
Nautilus|ultra rare|0.35;0.35;0.55;0.55;0.8|2.55;1.9;2.23;2.23;2.55|11.2;8.45;9.45;10.1;11.2
Royal Corgi|ultra rare|1.43;1.43;1.68;1.68;1.98|8;6.9;7.45;7.45;8|33;30;31;31.9;33
Merry Mistletroll|ultra rare|0.3;0.3;0.5;0.5;0.75|2.3;1.7;2;2;2.3|10;7.5;8.5;8.9;10
Lamb|ultra rare|1.8;1.8;2.05;2.05;2.35|9.85;8.75;9.3;9.3;9.85|40.4;37.4;38.4;39.3;40.4
Ram|ultra rare|1.38;1.38;1.63;1.63;1.93|7.75;6.65;7.2;7.2;7.75|32;29;30;30.9;32
Flaming Fox|ultra rare|2.15;2.15;2.4;2.4;2.75|11.5;10;10.75;10.75;11.5|48;45;46;46.9;48
Orca|ultra rare|0.14;0.14;0.34;0.34;0.59|1.5;0.95;1.23;1.23;1.5|6;4;5;5;6
Ghost Bunny|ultra rare|1.03;1.03;1.28;1.28;1.58|6;4.9;5.45;5.45;6|25;22;23;23.9;25
Green Amazon|ultra rare|0.22;0.22;0.42;0.42;0.67|1.9;1.3;1.6;1.6;1.9|8;5.75;6.75;6.9;8
Puptune|ultra rare|0.17;0.17;0.37;0.37;0.62|1.65;1.1;1.38;1.38;1.65|6.75;4.65;5.7;5.7;6.75
Yeti|ultra rare|0.6;0.6;0.82;0.82;1.1|3.8;3.05;3.43;3.43;3.8|16.2;13.2;14.2;15.1;16.2
Giant Blue Scarab|ultra rare|0.31;0.31;0.51;0.51;0.76|2.35;1.75;2.05;2.05;2.35|10.25;7.75;8.75;9.15;10.25
Pomeranian|ultra rare|0.14;0.14;0.34;0.34;0.59|1.5;0.95;1.23;1.23;1.5|6;4;5;5;6
Brown Springer Spaniel|ultra rare|0.86;0.86;1.08;1.08;1.36|5.1;4.1;4.6;4.6;5.1|21.4;18.4;19.4;20.3;21.4
Black Springer Spaniel|ultra rare|0.86;0.86;1.08;1.08;1.36|5.1;4.1;4.6;4.6;5.1|21.4;18.4;19.4;20.3;21.4
Hamster|ultra rare|0.22;0.22;0.42;0.42;0.67|1.9;1.3;1.6;1.6;1.9|8;5.75;6.75;6.9;8
Horse|ultra rare|0.47;0.47;0.67;0.67;0.92|3.15;2.5;2.83;2.83;3.15|13.6;10.85;11.85;12.5;13.6
Koala|ultra rare|0.28;0.28;0.48;0.48;0.73|2.2;1.6;1.9;1.9;2.2|9.5;7;8;8.4;9.5
Space Whale|ultra rare|0.42;0.42;0.62;0.62;0.87|2.9;2.25;2.58;2.58;2.9|12.6;9.85;10.85;11.5;12.6
Albino Bat|ultra rare|0.26;0.26;0.46;0.46;0.71|2.1;1.5;1.8;1.8;2.1|9;6.5;7.5;7.9;9
Brown-Chested Pheasant|ultra rare|0.22;0.22;0.42;0.42;0.67|1.9;1.3;1.6;1.6;1.9|8;5.75;6.75;6.9;8
St Bernard|ultra rare|0.3;0.3;0.5;0.5;0.75|2.3;1.7;2;2;2.3|10;7.5;8.5;8.9;10
Giant Black Scarab|ultra rare|0.21;0.21;0.41;0.41;0.66|1.85;1.3;1.58;1.58;1.85|7.75;5.65;6.7;6.7;7.75
Business Monkey|ultra rare|0.69;0.69;0.91;0.91;1.19|4.25;3.5;3.88;3.88;4.25|18;15;16;16.9;18
Toy Monkey|ultra rare|1.01;1.01;1.26;1.26;1.56|5.9;4.8;5.35;5.35;5.9|24.6;21.6;22.6;23.5;24.6
Panda|ultra rare|1;1;1.25;1.25;1.55|5.85;4.75;5.3;5.3;5.85|24.4;21.4;22.4;23.3;24.4
Tan Chow-Chow|ultra rare|0.16;0.16;0.36;0.36;0.61|1.6;1.05;1.33;1.33;1.6|6.5;4.5;5.5;5.5;6.5
Highland Cow|ultra rare|0.35;0.35;0.55;0.55;0.8|2.55;1.9;2.23;2.23;2.55|11.2;8.45;9.45;10.1;11.2
Frog|ultra rare|0.28;0.28;0.48;0.48;0.73|2.2;1.6;1.9;1.9;2.2|9.5;7;8;8.4;9.5
Wooly Rhino|ultra rare|0.67;0.67;0.89;0.89;1.17|4.15;3.4;3.78;3.78;4.15|17.6;14.6;15.6;16.5;17.6
Pretty Pony|ultra rare|0.72;0.72;0.94;0.94;1.22|4.4;3.65;4.03;4.03;4.4|18.6;15.6;16.6;17.5;18.6
Frostbite Cub|ultra rare|0.49;0.49;0.69;0.69;0.94|3.25;2.6;2.93;2.93;3.25|14;11.25;12.25;12.9;14
Starmite|ultra rare|0.1;0.1;0.3;0.3;0.55|1.3;0.75;1.03;1.03;1.3|5;3.25;4.13;4.13;5
Elasmosaurus|ultra rare|0.19;0.19;0.39;0.39;0.64|1.75;1.2;1.48;1.48;1.75|7.25;5.15;6.2;6.2;7.25
Rooster|ultra rare|0.3;0.3;0.5;0.5;0.75|2.3;1.7;2;2;2.3|10;7.5;8.5;8.9;10
Toasty Red Panda|ultra rare|0.36;0.36;0.56;0.56;0.81|2.6;1.95;2.28;2.28;2.6|11.4;8.65;9.65;10.3;11.4
Nightmare Owl|ultra rare|0.24;0.24;0.44;0.44;0.69|2;1.4;1.7;1.7;2|8.5;6.25;7.25;7.4;8.5
Evil Chickatrice|ultra rare|0.32;0.32;0.52;0.52;0.77|2.4;1.8;2.1;2.1;2.4|10.5;8;9;9.4;10.5
Evil Basilisk|ultra rare|0.37;0.37;0.57;0.57;0.82|2.65;2;2.33;2.33;2.65|11.6;8.85;9.85;10.5;11.6
Red Squirrel|ultra rare|0.44;0.44;0.64;0.64;0.89|3;2.35;2.68;2.68;3|13;10.25;11.25;11.9;13
Indian Flying Fox|ultra rare|0.23;0.23;0.43;0.43;0.68|1.95;1.35;1.65;1.65;1.95|8.25;6;7;7.15;8.25
Magma Moose|ultra rare|0.19;0.19;0.39;0.39;0.64|1.75;1.2;1.48;1.48;1.75|7.25;5.15;6.2;6.2;7.25
Magma Snail|ultra rare|0.19;0.19;0.39;0.39;0.64|1.75;1.2;1.48;1.48;1.75|7.25;5.15;6.2;6.2;7.25
Pumpkin Friend|ultra rare|0.33;0.33;0.53;0.53;0.78|2.45;1.85;2.15;2.15;2.45|10.75;8.25;9.25;9.65;10.75
Winter Doe|ultra rare|0.19;0.19;0.39;0.39;0.64|1.75;1.2;1.48;1.48;1.75|7.25;5.15;6.2;6.2;7.25
Deinonychus|ultra rare|0.16;0.16;0.36;0.36;0.61|1.6;1.05;1.33;1.33;1.6|6.5;4.5;5.5;5.5;6.5
Sabertooth|ultra rare|0.16;0.16;0.36;0.36;0.61|1.6;1.05;1.33;1.33;1.6|6.5;4.5;5.5;5.5;6.5
Partridge|ultra rare|0.25;0.25;0.45;0.45;0.7|2.05;1.45;1.75;1.75;2.05|8.75;6.5;7.5;7.65;8.75
Headless Horse|ultra rare|0.51;0.51;0.73;0.73;1.01|3.35;2.7;3.03;3.03;3.35|14.4;11.65;12.65;13.3;14.4
Fanghorn Tortoise|ultra rare|0.21;0.21;0.41;0.41;0.66|1.85;1.3;1.58;1.58;1.85|7.75;5.65;6.7;6.7;7.75
Bauble Buddies|ultra rare|0.2;0.2;0.4;0.4;0.65|1.8;1.25;1.53;1.53;1.8|7.5;5.4;6.45;6.45;7.5
Rice Cake Rabbit|ultra rare|0.21;0.21;0.41;0.41;0.66|1.85;1.3;1.58;1.58;1.85|7.75;5.65;6.7;6.7;7.75
Peregrine Falcon|ultra rare|0.27;0.27;0.47;0.47;0.72|2.15;1.55;1.85;1.85;2.15|9.25;6.75;7.75;8.15;9.25
Penguin|ultra rare|0.25;0.25;0.45;0.45;0.7|2.05;1.45;1.75;1.75;2.05|8.75;6.5;7.5;7.65;8.75
Karate Gorilla|ultra rare|0.66;0.66;0.88;0.88;1.16|4.1;3.35;3.73;3.73;4.1|17.4;14.4;15.4;16.3;17.4
Chef Gorilla|ultra rare|1.01;1.01;1.26;1.26;1.56|5.9;4.8;5.35;5.35;5.9|24.6;21.6;22.6;23.5;24.6
Wildfire Hawk|ultra rare|0.22;0.22;0.42;0.42;0.67|1.9;1.3;1.6;1.6;1.9|8;5.75;6.75;6.9;8
Burning Bunny|ultra rare|0.33;0.33;0.53;0.53;0.78|2.45;1.85;2.15;2.15;2.45|10.75;8.25;9.25;9.65;10.75
Halloween White Skeleton Dog|ultra rare|0.25;0.25;0.45;0.45;0.7|2.05;1.45;1.75;1.75;2.05|8.75;6.5;7.5;7.65;8.75
Gingerbread Reindeer|ultra rare|0.23;0.23;0.43;0.43;0.68|1.95;1.35;1.65;1.65;1.95|8.25;6;7;7.15;8.25
Zombie Wolf|ultra rare|1.05;1.05;1.3;1.3;1.6|6.1;5;5.55;5.55;6.1|25.4;22.4;23.4;24.3;25.4
Gingerbread Hare|ultra rare|0.25;0.25;0.45;0.45;0.7|2.05;1.45;1.75;1.75;2.05|8.75;6.5;7.5;7.65;8.75
Blue Ringed Octopus|ultra rare|0.46;0.46;0.66;0.66;0.91|3.1;2.45;2.78;2.78;3.1|13.4;10.65;11.65;12.3;13.4
Candy Cane Snail|ultra rare|0.29;0.29;0.49;0.49;0.74|2.25;1.65;1.95;1.95;2.25|9.75;7.25;8.25;8.65;9.75
Scarlet Butterfly|ultra rare|0.15;0.15;0.35;0.35;0.6|1.55;1;1.28;1.28;1.55|6.25;4.25;5.25;5.25;6.25
Sprout Snail|ultra rare|0.2;0.2;0.4;0.4;0.65|1.8;1.25;1.53;1.53;1.8|7.5;5.4;6.45;6.45;7.5
Skunk|ultra rare|0.16;0.16;0.36;0.36;0.61|1.6;1.05;1.33;1.33;1.6|6.5;4.5;5.5;5.5;6.5
Praying Mantis|ultra rare|0.16;0.16;0.36;0.36;0.61|1.6;1.05;1.33;1.33;1.6|6.5;4.5;5.5;5.5;6.5
Inmate Capuchin Monkey|ultra rare|0.28;0.28;0.48;0.48;0.73|2.2;1.6;1.9;1.9;2.2|9.5;7;8;8.4;9.5
Preppy Capuchin Monkey|ultra rare|0.29;0.29;0.49;0.49;0.74|2.25;1.65;1.95;1.95;2.25|9.75;7.25;8.25;8.65;9.75
Albatross|ultra rare|0.21;0.21;0.41;0.41;0.66|1.85;1.3;1.58;1.58;1.85|7.75;5.65;6.7;6.7;7.75
Puffer Fish|ultra rare|0.97;0.97;1.19;1.19;1.47|5.65;4.65;5.15;5.15;5.65|23.6;20.6;21.6;22.5;23.6
Starfish|ultra rare|0.12;0.12;0.32;0.32;0.57|1.4;0.85;1.13;1.13;1.4|5.5;3.65;4.58;4.58;5.5
Golden Jaguar|ultra rare|0.45;0.45;0.65;0.65;0.9|3.05;2.4;2.73;2.73;3.05|13.2;10.45;11.45;12.1;13.2
Cold Cube|ultra rare|0.14;0.14;0.34;0.34;0.59|1.5;0.95;1.23;1.23;1.5|6;4;5;5;6
Ribbon Seal|ultra rare|0.05;0.05;0.25;0.25;0.5|1;0.45;0.73;0.73;1|3.5;2;2.75;2.75;3.5
Wyvern|ultra rare|0.17;0.17;0.37;0.37;0.62|1.65;1.1;1.38;1.38;1.65|6.75;4.65;5.7;5.7;6.75
Deathstalker Scorpion|ultra rare|0.15;0.15;0.35;0.35;0.6|1.55;1;1.28;1.28;1.55|6.25;4.25;5.25;5.25;6.25
Hydra|ultra rare|0.15;0.15;0.35;0.35;0.6|1.55;1;1.28;1.28;1.55|6.25;4.25;5.25;5.25;6.25
Vulture|ultra rare|0.15;0.15;0.35;0.35;0.6|1.55;1;1.28;1.28;1.55|6.25;4.25;5.25;5.25;6.25
Roadrunner|ultra rare|0.15;0.15;0.35;0.35;0.6|1.55;1;1.28;1.28;1.55|6.25;4.25;5.25;5.25;6.25
Lionfish|ultra rare|0.12;0.12;0.32;0.32;0.57|1.4;0.85;1.13;1.13;1.4|5.5;3.65;4.58;4.58;5.5
Floral Eggy|ultra rare|0.12;0.12;0.32;0.32;0.57|1.4;0.85;1.13;1.13;1.4|5.5;3.65;4.58;4.58;5.5
Ornate Horned Frog|ultra rare|0.15;0.15;0.35;0.35;0.6|1.55;1;1.28;1.28;1.55|6.25;4.25;5.25;5.25;6.25
Bee|ultra rare|0.11;0.11;0.31;0.31;0.56|1.35;0.8;1.08;1.08;1.35|5.25;3.4;4.33;4.33;5.25
Sloth|ultra rare|0.18;0.18;0.38;0.38;0.63|1.7;1.15;1.43;1.43;1.7|7;4.9;5.95;5.95;7
King Penguin|ultra rare|0.23;0.23;0.43;0.43;0.68|1.95;1.35;1.65;1.65;1.95|8.25;6;7;7.15;8.25
Scarecrow Cat|ultra rare|0.31;0.31;0.51;0.51;0.76|2.35;1.75;2.05;2.05;2.35|10.25;7.75;8.75;9.15;10.25
Shetland Pony White|ultra rare|0.2;0.2;0.4;0.4;0.65|1.8;1.25;1.53;1.53;1.8|7.5;5.4;6.45;6.45;7.5
Toucan|ultra rare|0.12;0.12;0.32;0.32;0.57|1.4;0.85;1.13;1.13;1.4|5.5;3.65;4.58;4.58;5.5
Gold Mahi Mahi|ultra rare|0.054;0.054;0.25;0.25;0.504|1.02;0.47;0.75;0.75;1.02|3.6;2.1;2.85;2.85;3.6
Pine Marten|ultra rare|0.13;0.13;0.33;0.33;0.58|1.45;0.9;1.18;1.18;1.45|5.75;3.9;4.83;4.83;5.75
Gingerbread Mouse|ultra rare|0.15;0.15;0.35;0.35;0.6|1.55;1;1.28;1.28;1.55|6.25;4.25;5.25;5.25;6.25
Clownfish|ultra rare|0.23;0.23;0.43;0.43;0.68|1.95;1.35;1.65;1.65;1.95|8.25;6;7;7.15;8.25
Seagull|ultra rare|0.22;0.22;0.42;0.42;0.67|1.9;1.3;1.6;1.6;1.9|8;5.75;6.75;6.9;8
Pink Betta Fish|ultra rare|0.18;0.18;0.38;0.38;0.63|1.7;1.15;1.43;1.43;1.7|7;4.9;5.95;5.95;7
Ladybug|ultra rare|0.15;0.15;0.35;0.35;0.6|1.55;1;1.28;1.28;1.55|6.25;4.25;5.25;5.25;6.25
Water Rabbit|ultra rare|0.82;0.82;1.04;1.04;1.32|4.9;4.05;4.48;4.48;4.9|20.6;17.6;18.6;19.5;20.6
Binturong|ultra rare|0.75;0.75;0.97;0.97;1.25|4.55;3.7;4.13;4.13;4.55|19.2;16.2;17.2;18.1;19.2
Black Macaque|ultra rare|0.5;0.5;0.72;0.72;1|3.3;2.65;2.98;2.98;3.3|14.2;11.45;12.45;13.1;14.2
Grave Owl|ultra rare|0.15;0.15;0.35;0.35;0.6|1.55;1;1.28;1.28;1.55|6.25;4.25;5.25;5.25;6.25
Ginger Cat|ultra rare|0.12;0.12;0.32;0.32;0.57|1.4;0.85;1.13;1.13;1.4|5.5;3.65;4.58;4.58;5.5
Corgi|ultra rare|0.0375;0.0375;0.23;0.23;0.4875|0.7875;0.2375;0.51;0.51;0.7875|2.55;1.05;1.8;1.8;2.55
Salamander|ultra rare|0.13;0.13;0.33;0.33;0.58|1.45;0.9;1.18;1.18;1.45|5.75;3.9;4.83;4.83;5.75
Robot|ultra rare|0.0375;0.0375;0.23;0.23;0.4875|0.7875;0.2375;0.51;0.51;0.7875|2.55;1.05;1.8;1.8;2.55
Swordfish|ultra rare|0.0375;0.0375;0.23;0.23;0.4875|0.7875;0.2375;0.51;0.51;0.7875|2.55;1.05;1.8;1.8;2.55
Alley Cat|ultra rare|2.85;2.85;3.15;3.2;3.6|14.5;12.5;13.5;13.5;14.5|60;57;58;58.9;60
Grinmoire|ultra rare|0.064;0.064;0.26;0.26;0.514|1.07;0.52;0.8;0.8;1.07|3.85;2.35;3.1;3.1;3.85
Red Crowned Crane|ultra rare|0.14;0.14;0.34;0.34;0.59|1.5;0.95;1.23;1.23;1.5|6;4;5;5;6
Trapdoor Snail|ultra rare|0.14;0.14;0.34;0.34;0.59|1.5;0.95;1.23;1.23;1.5|6;4;5;5;6
Komodo Dragon|ultra rare|0.17;0.17;0.37;0.37;0.62|1.65;1.1;1.38;1.38;1.65|6.75;4.65;5.7;5.7;6.75
Spider Crab|ultra rare|0.14;0.14;0.34;0.34;0.59|1.5;0.95;1.23;1.23;1.5|6;4;5;5;6
Lammergeier|ultra rare|0.15;0.15;0.35;0.35;0.6|1.55;1;1.28;1.28;1.55|6.25;4.25;5.25;5.25;6.25
Black Kite|ultra rare|0.17;0.17;0.37;0.37;0.62|1.65;1.1;1.38;1.38;1.65|6.75;4.65;5.7;5.7;6.75
Badger|ultra rare|0.05;0.05;0.25;0.25;0.5|1;0.45;0.73;0.73;1|3.5;2;2.75;2.75;3.5
Shiba Inu|ultra rare|0.035;0.035;0.23;0.23;0.485|0.775;0.225;0.5;0.5;0.775|2.5;1;1.75;1.75;2.5
Red Panda|ultra rare|0.035;0.035;0.23;0.23;0.485|0.775;0.225;0.5;0.5;0.775|2.5;1;1.75;1.75;2.5
Mr Whiskerpips|ultra rare|0.3;0.3;0.5;0.5;0.75|2.3;1.7;2;2;2.3|10;7.5;8.5;8.9;10
Ghost Chick|ultra rare|0.17;0.17;0.37;0.37;0.62|1.65;1.1;1.38;1.38;1.65|6.75;4.65;5.7;5.7;6.75
Water Moon Bear|ultra rare|0.22;0.22;0.42;0.42;0.67|1.9;1.3;1.6;1.6;1.9|8;5.75;6.75;6.9;8
Flower Power Duckling|ultra rare|0.34;0.34;0.54;0.54;0.79|2.5;1.9;2.2;2.2;2.5|11;8.25;9.25;9.9;11
Lunar White Tiger|ultra rare|0.11;0.11;0.31;0.31;0.56|1.35;0.8;1.08;1.08;1.35|5.25;3.4;4.33;4.33;5.25
Persian Cat|ultra rare|0.08;0.08;0.28;0.28;0.53|1.2;0.65;0.93;0.93;1.2|4.5;2.75;3.63;3.63;4.5
Lunar Ox|ultra rare|0.1;0.1;0.3;0.3;0.55|1.3;0.75;1.03;1.03;1.3|5;3.25;4.13;4.13;5
Bat Dragon|legendary|920;933;920;920;920|2170;2332.75;2232.2;2232.2;2170|6750;7290;6843.3;6812.2;6750
Shadow Dragon|legendary|672;840;677;674;672|1343;2014.5;1529.6;1467.4;1343|3440;5504;3740;3590;3440
Giraffe|legendary|459;472;459;459;459|915;1178;923;923;915|3040;4712;3102.2;3133.3;3040
Frost Dragon|legendary|311;324;311;311;311|550;612.5;556;556;550|1400;2450;1859;1711;1400
Owl|legendary|242;245;241.5;241.5;242|601;646.075;605;605;601|1860;2325;1951.6;1997.4;1860
Parrot|legendary|193;195;192.5;192.5;193|394;487;396;396;394|1025;1948;1087;1118;1025
Diamond Butterfly|legendary|62.5;61.5;61.5;61.5;62.5|232;247;231;231;232|925;1017.25;923;923.9;925
Crow|legendary|173;174;172.5;172.5;173|397;423.5;399;399;397|1210;1694;1272;1303;1210
Evil Unicorn|legendary|108;108;107.5;107.5;108|200;250.25;202;202;200|715;1001;746;777;715
Balloon Unicorn|legendary|167;165;165;165.85;167|547;552;546;546;547|2000;2165;1998;1998.9;2000
Blazing Lion|legendary|148.5;146.5;146.5;146.5;148.5|590;598;589;589;590|2244;2390.5;2242;2242.9;2244
Arctic Reindeer|legendary|48;48.5;46.75;46.85;48|99;131;99;99;99|352;556.75;362;362;352
Diamond Hummingbird|legendary|3.25;3.25;3.55;3.55;3.95|16;14.25;15.2;15.2;16|66;63;64;64.9;66
Monkey King|legendary|34.5;63;33.75;35.25;34.5|139;265;139;147;139|556;1113;581;606;556
Turtle|legendary|25.25;22.75;23.35;24.1;25.25|51.5;52;50.5;50.5;51.5|123;215.25;121;121.9;123
Albino Monkey|legendary|17;16.25;16;16.25;17|51;69;51;51;51|196;293;194;194.9;196
Black-Chested Pheasant|legendary|12.5;12.5;12.9;12.95;13.5|54;52;53;53;54|220;225;218;218.9;220
Diamond Amazon|legendary|4.25;4.25;4.55;4.55;4.95|20;18.25;19.2;19.2;20|84;81;82;82.9;84
Hot Doggo|legendary|36;36;36.4;36.45;37|120;118;119;119;120|438;445;436;436.9;438
Undead Jousting Horse|legendary|60;59;59.25;59.25;60|210;208;209;209;210|828;858;826;826.9;828
Royal Mistletroll|legendary|12;12;12.4;12.45;13|52;50.25;51.2;51.2;52|212;215;210;210.9;212
Kangaroo|legendary|19;17.5;17.75;17.85;19|39;38;38;38;39|99;123.75;97;97.9;99
Strawberry Shortcake Bat Dragon|legendary|33.5;31.5;32;32.35;33.5|108;108;107;107;108|428;441;426;426.9;428
Chocolate Chip Bat Dragon|legendary|32.5;30.5;31;31.35;32.5|127;127;126;126;127|510;523;508;508.9;510
Haetae|legendary|119;117;117;117.85;119|437;445;436;436;437|1771;1810;1769;1769.9;1771
Pirate Ghost Capuchin Monkey|legendary|17.5;17.5;17.8;17.85;18.25|73;73;72;72;73|298;313;296;296.9;298
Jekyll Hydra|legendary|58;57;57.25;57.25;58|186;184;185;185;186|740;770;738;738.9;740
Cupid Dragon|legendary|6;6;6.35;6.4;6.85|27;25;26;26;27|110;113;108;108.9;110
Frost Unicorn|legendary|14;14;14.4;14.45;15|59.5;57.5;58.5;58.5;59.5|240;245;238;238.9;240
Candyfloss Chick|legendary|19;19;19.4;19.45;20|75;73;74;74;75|298;303;296;296.9;298
Fairy Bat Dragon|legendary|17;15;15.5;15.85;17|45;43;44;44;45|172;175;170;170.9;172
Mechapup|legendary|15;15;15.3;15.35;15.75|63;61.25;62.2;62.2;63|252;257;250;250.9;252
Tió De Nadal|legendary|15;15;15.3;15.35;15.75|67;65.25;66.2;66.2;67|280;285;278;278.9;280
Giant Gold Scarab|legendary|3.15;3.15;3.45;3.45;3.85|15.5;13.75;14.7;14.7;15.5|64;61;62;62.9;64
Golden Hummingbird|legendary|0.42;0.42;0.72;0.72;1.12|3.1;1.9;2.3;2.3;3.1|12.05;9.05;10.05;10.95;12.05
Sugar Glider|legendary|26;26;26.4;26.45;27|82;80;81;81;82|318;323;316;316.9;318
Nessie|legendary|6.5;6.5;6.8;6.8;7.25|26;24.25;25.2;25.2;26|104;109;102;102.9;104
Winged Tiger|legendary|13.75;13.75;14.15;14.2;14.75|59;57;58;58;59|240;245;238;238.9;240
Caelum Cervi|legendary|4.25;4.25;4.55;4.55;4.95|20;18.25;19.2;19.2;20|82;87;80;80.9;82
Aurora Fox|legendary|3.75;3.75;4.05;4.05;4.45|18;16.25;17.2;17.2;18|74;71;72;72.9;74
Sugar Axolotl|legendary|9.75;9.75;10.05;10.1;10.5|43;41.25;42.2;42.2;43|174;171;172;172.9;174
Glacier Kitsune|legendary|3.5;3.5;3.8;3.8;4.2|17;15.25;16.2;16.2;17|70;67;68;68.9;70
Frost Fury|legendary|5;5;5.4;5.45;6|16;14.25;15.2;15.2;16|56;59;54;54.9;56
Diamond Hamster|legendary|1.85;1.85;2.15;2.15;2.55|10.5;8.75;9.7;9.7;10.5|44;41;42;42.9;44
Vampire Dragon|legendary|9.6;9.6;9.95;10;10.45|41.5;39.5;40.5;40.5;41.5|166;171;164;164.9;166
Naughty Mistletroll|legendary|1.35;1.35;1.65;1.65;2.05|8.5;6.75;7.7;7.7;8.5|36;33;34;34.9;36
Lava Dragon|legendary|5.25;5.25;5.6;5.65;6.1|24;22.25;23.2;23.2;24|96;97;94;94.9;96
Diamond Albatross|legendary|2.75;2.75;3.05;3.05;3.45|14;12.25;13.2;13.2;14|58;55;56;56.9;58
Emperor Gorilla|legendary|18.5;18.5;18.8;18.85;19.25|77;77;76;76;77|311;326;309;309.9;311
Grim Dragon|legendary|23.25;23.25;23.65;23.7;24.25|93;91;92;92;93|370;377;368;368.9;370
Hippogriff|legendary|0.6;0.6;0.9;0.9;1.3|4.2;2.7;3.4;3.4;4.2|16.45;13.45;14.45;15.35;16.45
Bush Elephant|legendary|20;20;20.4;20.45;21|80;78;79;79;80|318;323;316;316.9;318
Midnight Dragon|legendary|5.5;5.5;5.8;5.8;6.2|25;23.25;24.2;24.2;25|102;99;100;100.9;102
Halloween White Ghost Dragon|legendary|5.5;5.5;5.85;5.9;6.35|25;23.25;24.2;24.2;25|100;101;98;98.9;100
Dancing Dragon|legendary|3;3;3.3;3.3;3.7|15;13.25;14.2;14.2;15|62;59;60;60.9;62
Gilded Snake|legendary|0.65;0.65;0.95;0.95;1.35|4.55;2.95;3.75;3.75;4.55|17.85;14.85;15.85;16.75;17.85
Werewolf|legendary|24;24;24.4;24.45;25|84;82;83;83;84|334;342;332;332.9;334
Diamond King Penguin|legendary|1.5;1.5;1.8;1.8;2.2|9;7.25;8.2;8.2;9|38;35;36;36.9;38
Golden Chow-Chow|legendary|1.65;1.65;1.95;1.95;2.35|9.5;7.75;8.7;8.7;9.5|40;37;38;38.9;40
Lavender Dragon|legendary|2;2;2.3;2.3;2.7|10.5;8.75;9.7;9.7;10.5|44;41;42;42.9;44
Ice Golem|legendary|1.75;1.75;2.05;2.05;2.45|10;8.25;9.2;9.2;10|42;39;40;40.9;42
Queen Bee|legendary|1.55;1.55;1.85;1.85;2.25|9.25;7.5;8.45;8.45;9.25|39;36;37;37.9;39
Diamond Unicorn|legendary|0.26;0.26;0.56;0.56;0.96|2.3;1.2;1.5;1.5;2.3|9.1;6.1;7.1;8;9.1
Albino Gorilla|legendary|1.65;1.65;1.95;1.95;2.35|9.5;7.75;8.7;8.7;9.5|40;37;38;38.9;40
Ninja Monkey|legendary|1.35;1.35;1.65;1.65;2.05|8.5;6.75;7.7;7.7;8.5|36;33;34;34.9;36
Capricorn|legendary|0.95;0.95;1.25;1.25;1.65|6.65;4.6;5.85;5.85;6.65|26.9;23.9;24.9;25.8;26.9
Skele-Rex|legendary|1.75;1.75;2.05;2.05;2.45|10;8.25;9.2;9.2;10|42;39;40;40.9;42
Rainbow Dragon|legendary|1.15;1.15;1.45;1.45;1.85|7.5;5.75;6.7;6.7;7.5|31;28;29;29.9;31
Golden Penguin|legendary|1.8;1.8;2.1;2.1;2.5|10;8.25;9.2;9.2;10|42;39;40;40.9;42
Shark Puppy|legendary|12.5;12.5;12.9;12.95;13.5|47;45;46;46;47|158;163;156;156.9;158
White Amazon|legendary|0.73;0.73;1.03;1.03;1.43|5.11;3.55;4.31;4.31;5.11|20.2;17.2;18.2;19.1;20.2
Phoenix|legendary|1;1;1.3;1.3;1.7|7;5;6.2;6.2;7|28.45;25.45;26.45;27.35;28.45
Unicorn|legendary|0.77;0.77;1.12;1.17;1.62|5;3;4.2;4.2;5|15;12;13;13.9;15
Field Mouse|legendary|5.25;5.25;5.55;5.6;6|24;22;23;23;24|100;97;98;98.9;100
Green Butterfly|legendary|1.25;1.25;1.55;1.55;1.95|8;6.25;7.2;7.2;8|33;30;31;31.9;33
Golden Hamster|legendary|0.62;0.62;0.92;0.92;1.32|4.34;2.8;3.54;3.54;4.34|17;14;15;15.9;17
Cuddly Candle|legendary|0.7;0.7;1;1;1.4|4.9;3.4;4.1;4.1;4.9|19.3;16.3;17.3;18.2;19.3
Sunglider|legendary|0.36;0.36;0.66;0.66;1.06|2.8;1.65;2;2;2.8|10.95;7.95;8.95;9.85;10.95
Glormy Leo|legendary|3.25;3.25;3.55;3.55;3.95|15.5;13.75;14.7;14.7;15.5|64;61;62;62.9;64
Glormy Hound|legendary|1.85;1.85;2.15;2.15;2.55|10.5;8.75;9.7;9.7;10.5|44;41;42;42.9;44
Shark|legendary|1;1;1.3;1.3;1.7|7;5;6.2;6.2;7|28.45;25.45;26.45;27.35;28.45
Dodo|legendary|1;1;1.3;1.3;1.7|7;5;6.2;6.2;7|28.45;25.45;26.45;27.35;28.45
T-Rex|legendary|0.9;0.9;1.2;1.2;1.6|6.3;4.5;5.5;5.5;6.3|25.35;22.35;23.35;24.25;25.35
Fallow Deer|legendary|4;4;4.3;4.3;4.7|19;17.25;18.2;18.2;19|78;75;76;76.9;78
Winged Horse|legendary|0.65;0.65;0.95;0.95;1.35|4.55;3.15;3.75;3.75;4.55|17.85;14.85;15.85;16.75;17.85
Owlbear|legendary|4.75;4.75;5.05;5.1;5.5|21.5;19.5;20.5;20.5;21.5|88;85;86;86.9;88
Diamond Ladybug|legendary|1.5;1.5;1.8;1.8;2.2|9;7.25;8.2;8.2;9|38;35;36;36.9;38
Majestic Pony|legendary|2.25;2.25;2.55;2.55;2.95|12;10.25;11.2;11.2;12|50;47;48;48.9;50
Cheetah|legendary|2.15;2.15;2.45;2.45;2.85|11.5;9.75;10.7;10.7;11.5|48;45;46;46.9;48
Leviathan|legendary|1.65;1.65;1.95;1.95;2.35|9.5;7.75;8.7;8.7;9.5|40;37;38;38.9;40
Golden Rat|legendary|1;1;1.3;1.3;1.7|7;4.8;6.2;6.2;7|28.5;25.5;26.5;27.4;28.5
Dimension Drifter|legendary|0.36;0.36;0.66;0.66;1.06|2.8;1.65;2;2;2.8|10.95;7.95;8.95;9.85;10.95
Jousting Horse|legendary|6.25;6.25;6.55;6.55;6.95|28;26.25;27.2;27.2;28|114;111;112;112.9;114
Diamond Dragon|legendary|0.19;0.19;0.49;0.49;0.89|1.95;0.9;1.15;1.15;1.95|7.5;4.5;5.5;6.4;7.5
Octopus|legendary|0.9;0.9;1.2;1.2;1.6|6.3;4.35;5.5;5.5;6.3|25.35;22.35;23.35;24.25;25.35
Royal Capuchin Monkey|legendary|0.83;0.83;1.13;1.13;1.53|5.81;4;5.01;5.01;5.81|23.2;20.2;21.2;22.1;23.2
Naga Dragon|legendary|0.78;0.78;1.08;1.08;1.48|5.46;3.75;4.66;4.66;5.46|21.7;18.7;19.7;20.6;21.7
Tree Kangaroo|legendary|2;2;2.3;2.3;2.7|11;9.25;10.2;10.2;11|46;43;44;44.9;46
Candy Hare|legendary|1.75;1.75;2.05;2.05;2.45|10;8.25;9.2;9.2;10|42;39;40;40.9;42
Cactus Friend|legendary|0.85;0.85;1.15;1.15;1.55|5.95;4.1;5.15;5.15;5.95|23.8;20.8;21.8;22.7;23.8
Goldhorn|legendary|0.96;0.96;1.26;1.26;1.66|6.72;4.65;5.92;5.92;6.72|27.2;24.2;25.2;26.1;27.2
Golden Walrus|legendary|0.8;0.8;1.1;1.1;1.5|5.6;3.85;4.8;4.8;5.6|22.3;19.3;20.3;21.2;22.3
Firefly|legendary|1.05;1.05;1.35;1.35;1.75|7.25;5.25;6.45;6.45;7.25|30;27;28;28.9;30
Squid|legendary|0.7;0.7;1;1;1.4|4.9;3.15;4.1;4.1;4.9|19.3;16.3;17.3;18.2;19.3
Chameleon|legendary|0.7;0.7;1;1;1.4|4.9;3.15;4.1;4.1;4.9|19.3;16.3;17.3;18.2;19.3
Astronaut Gorilla|legendary|0.98;0.98;1.28;1.28;1.68|6.86;4.75;6.06;6.06;6.86|27.8;24.8;25.8;26.7;27.8
Spinosaurus|legendary|0.93;0.93;1.23;1.23;1.63|6.51;4.5;5.71;5.71;6.51|26.25;23.25;24.25;25.15;26.25
Gargoyle|legendary|0.78;0.78;1.08;1.08;1.48|5.46;3.75;4.66;4.66;5.46|21.7;18.7;19.7;20.6;21.7
Volcanic Rhino|legendary|0.8;0.8;1.1;1.1;1.5|5.6;3.85;4.8;4.8;5.6|22.3;19.3;20.3;21.2;22.3
Black Chow-Chow|legendary|0.6;0.6;0.9;0.9;1.3|4.2;2.9;3.4;3.4;4.2|16.45;13.45;14.45;15.35;16.45
Chocolate Chow-Chow|legendary|0.6;0.6;0.9;0.9;1.3|4.2;2.9;3.4;3.4;4.2|16.45;13.45;14.45;15.35;16.45
Green-Chested Pheasant|legendary|0.65;0.65;0.95;0.95;1.35|4.55;2.95;3.75;3.75;4.55|17.85;14.85;15.85;16.75;17.85
Axolotl|legendary|0.88;0.88;1.18;1.18;1.58|6.16;4.25;5.36;5.36;6.16|24.7;21.7;22.7;23.6;24.7
Peacock|legendary|0.88;0.88;1.18;1.18;1.58|6.16;4.25;5.36;5.36;6.16|24.7;21.7;22.7;23.6;24.7
Diamond Griffin|legendary|0.19;0.19;0.49;0.49;0.89|1.95;0.9;1.25;1.25;1.95|7.5;4.5;5.5;6.4;7.5
Golden Unicorn|legendary|0.18;0.18;0.48;0.48;0.88|1.9;0.85;1.1;1.1;1.9|7.25;4.25;5.25;6.15;7.25
Lava Wolf|legendary|0.97;0.97;1.27;1.27;1.67|6.79;4.7;5.99;5.99;6.79|27.5;24.5;25.5;26.4;27.5
Alicorn|legendary|0.11;0.11;0.41;0.41;0.81|1.55;0.5;0.85;0.85;1.55|5.25;2.25;3.25;4.15;5.25
Ancient Dragon|legendary|0.09;0.09;0.39;0.39;0.79|1.45;0.41;0.9;0.9;1.45|4.75;1.75;2.75;3.65;4.75
King Bee|legendary|0.57;0.57;0.87;0.87;1.27|3.99;2.6;3.19;3.19;3.99|15.6;12.6;13.6;14.5;15.6
Golden King Penguin|legendary|0.62;0.62;0.92;0.92;1.32|4.34;2.8;3.54;3.54;4.34|17;14;15;15.9;17
Golden Albatross|legendary|0.52;0.52;0.82;0.82;1.22|3.64;2.35;2.84;2.84;3.64|14.2;11.2;12.2;13.1;14.2
Dimorphodon|legendary|0.6;0.6;0.9;0.9;1.3|4.2;2.7;3.4;3.4;4.2|16.45;13.45;14.45;15.35;16.45
Criosphinx|legendary|0.57;0.57;0.87;0.87;1.27|3.99;2.6;3.19;3.19;3.99|15.6;12.6;13.6;14.5;15.6
Snow Owl|legendary|0.75;0.75;1.05;1.05;1.45|5.25;3.6;4.45;4.45;5.25|20.8;17.8;18.8;19.7;20.8
Guardian Lion|legendary|0.65;0.65;0.95;0.95;1.35|4.55;2.95;3.75;3.75;4.55|17.85;14.85;15.85;16.75;17.85
Golden Ladybug|legendary|0.7;0.7;1;1;1.4|4.9;3.4;4.1;4.1;4.9|19.3;16.3;17.3;18.2;19.3
Pirate Hermit Crab|legendary|0.94;0.94;1.24;1.24;1.64|6.58;4.55;5.78;5.78;6.58|26.55;23.55;24.55;25.45;26.55
Berry Cool Cube|legendary|0.4;0.4;0.7;0.7;1.1|3;1.8;2.2;2.2;3|11.7;8.7;9.7;10.6;11.7
Hawk|legendary|0.6;0.6;0.9;0.9;1.3|4.2;2.7;3.4;3.4;4.2|16.45;13.45;14.45;15.35;16.45
Yule Log Dog|legendary|1.1;1.1;1.4;1.4;1.8|7.25;5.5;6.45;6.45;7.25|30;27;28;28.9;30
Shetland Pony Light Brown|legendary|0.75;0.75;1.05;1.05;1.45|5.25;3.6;4.45;4.45;5.25|20.8;17.8;18.8;19.7;20.8
Mushroom Friend|legendary|0.7;0.7;1;1;1.4|4.9;3.15;4.1;4.1;4.9|19.3;16.3;17.3;18.2;19.3
Cerberus|legendary|2.75;2.75;3.05;3.05;3.45|14;12.25;13.2;13.2;14|58;55;56;56.9;58
Winter Buck|legendary|0.57;0.57;0.87;0.87;1.27|3.99;2.6;3.19;3.19;3.99|15.6;12.6;13.6;14.5;15.6
Princess Capuchin Monkey|legendary|0.78;0.78;1.08;1.08;1.48|5.46;3.55;4.66;4.66;5.46|21.7;18.7;19.7;20.6;21.7
Evil Chick|legendary|0.38;0.38;0.68;0.68;1.08|2.9;1.75;2.1;2.1;2.9|11.3;8.3;9.3;10.2;11.3
Corn Doggo|legendary|1.85;1.85;2.15;2.15;2.55|10.5;8.75;9.7;9.7;10.5|44;41;42;42.9;44
Diamond Mahi Mahi|legendary|0.15;0.15;0.45;0.45;0.85|1.75;0.68;1.05;1.05;1.75|6.25;3.25;4.25;5.15;6.25
Chimera|legendary|0.55;0.55;0.85;0.85;1.25|3.85;2.5;3.05;3.05;3.85|15;12;13;13.9;15
Billy Goat|legendary|0.65;0.65;0.95;0.95;1.35|4.55;2.95;3.75;3.75;4.55|17.85;14.85;15.85;16.75;17.85
Fleur De Ice|legendary|0.6;0.6;0.9;0.9;1.3|4.2;2.7;3.4;3.4;4.2|16.45;13.45;14.45;15.35;16.45
Baku|legendary|0.6;0.6;0.9;0.9;1.3|4.2;2.7;3.4;3.4;4.2|16.45;13.45;14.45;15.35;16.45
Golden Dragon|legendary|0.13;0.13;0.43;0.43;0.83|1.65;0.59;0.95;0.95;1.65|5.75;2.75;3.75;4.65;5.75
Dire Stag|legendary|0.99;0.99;1.29;1.29;1.69|6.93;4.5;6.13;6.13;6.93|28.15;25.15;26.15;27.05;28.15
Maneki-Neko|legendary|0.55;0.55;0.85;0.85;1.25|3.85;2.5;3.05;3.05;3.85|15;12;13;13.9;15
Robo Dog|legendary|0.5;0.5;0.8;0.8;1.2|3.5;2.25;2.7;2.7;3.5|13.65;10.65;11.65;12.55;13.65
Ice Moth Dragon|legendary|0.55;0.55;0.85;0.85;1.25|3.85;2.5;3.05;3.05;3.85|15;12;13;13.9;15
Scarecrow Crow|legendary|0.47;0.47;0.77;0.77;1.17|3.35;2.15;2.55;2.55;3.35|13.05;10.05;11.05;11.95;13.05
Striped Eggy|legendary|0.31;0.31;0.61;0.61;1.01|2.55;1.4;1.75;1.75;2.55|10;7;8;8.9;10
Blue Betta Fish|legendary|0.47;0.47;0.77;0.77;1.17|3.35;2.15;2.55;2.55;3.35|13.05;10.05;11.05;11.95;13.05
Golden Griffin|legendary|0.13;0.13;0.43;0.43;0.83|1.65;0.59;0.95;0.95;1.65|5.75;2.75;3.75;4.65;5.75
Rosy Maple Moth|legendary|0.32;0.32;0.62;0.62;1.02|2.6;1.45;1.9;1.9;2.6|10.2;7.2;8.2;9.1;10.2
Cobra|legendary|0.5;0.5;0.8;0.8;1.2|3.5;2.25;2.7;2.7;3.5|13.65;10.65;11.65;12.55;13.65
Frostclaw|legendary|0.43;0.43;0.73;0.73;1.13|3.15;1.95;2.35;2.35;3.15|12.25;9.25;10.25;11.15;12.25
Scarebear|legendary|0.97;0.97;1.27;1.27;1.67|6.79;4.4;5.99;5.99;6.79|27.5;24.5;25.5;26.4;27.5
Kraken|legendary|0.36;0.36;0.66;0.66;1.06|2.8;1.65;2;2;2.8|10.95;7.95;8.95;9.85;10.95
Mecha Meow|legendary|0.5;0.5;0.8;0.8;1.2|3.5;2.25;2.7;2.7;3.5|13.65;10.65;11.65;12.55;13.65
Kitsune|legendary|0.55;0.55;0.85;0.85;1.25|3.85;2.5;3.05;3.05;3.85|15;12;13;13.9;15
Dragon|legendary|0.14;0.14;0.44;0.44;0.84|1.7;0.63;1;1;1.7|6;3;4;4.9;6
Sunrise Duckling|legendary|0.67;0.67;0.97;0.97;1.37|4.69;3.05;3.89;3.89;4.69|18.45;15.45;16.45;17.35;18.45
Halloween Golden Mummy Cat|legendary|0.49;0.49;0.79;0.79;1.19|3.45;2.25;2.65;2.65;3.45|13.45;10.45;11.45;12.35;13.45
Dragonfly|legendary|0.09;0.09;0.39;0.39;0.79|1.45;0.41;0.75;0.75;1.45|4.75;1.75;2.75;3.65;4.75
Griffin|legendary|0.44;0.44;0.74;0.74;1.14|3.2;2;2.4;2.4;3.2|12.45;9.45;10.45;11.35;12.45
Lunar Moon Bear|legendary|0.4;0.4;0.7;0.7;1.1|3;1.8;2.2;2.2;3|11.7;8.7;9.7;10.6;11.7
Lunar Gold Tiger|legendary|0.28;0.28;0.58;0.58;0.98|2.4;1.3;1.7;1.7;2.4|9.5;6.5;7.5;8.4;9.5
Golden Tortoise Beetle|legendary|0.2;0.2;0.5;0.5;0.9|2;0.9;1.45;1.45;2|7.75;4.75;5.75;6.65;7.75
Dracula Parrot|legendary|0.21;0.21;0.51;0.51;0.91|2.05;0.95;1.45;1.45;2.05|8.25;5.25;6.25;7.15;8.25
Metal Ox|legendary|0.25;0.25;0.55;0.55;0.95|2.25;1.15;1.65;1.65;2.25|8.95;5.95;6.95;7.85;8.95
Zodiac Minion Chick|legendary|0.22;0.22;0.52;0.52;0.92|2.1;1;1.5;1.5;2.1|8.4;5.4;6.4;7.3;8.4
Cow|rare|36;33.5;34.1;34.85;36|76;75;75;75;76|219;249;217;217.9;219
Elephant|rare|17.25;15.75;16;16.15;17.25|53;52;52;52;53|190;200;188;188.9;190
Border Collie|rare|11.5;11.5;11.9;11.9;12.5|46;44.5;45.25;45.25;46|180;178;178;178.9;180
Pig|rare|9;7.5;7.75;7.9;9|22;21;21;21;22|85;90;83;83.9;85
Ring-Tailed Lemur|rare|4.75;4.75;5;5;5.35|22;20.5;21.25;21.25;22|92;89;90;90.9;92
Goose|rare|37;35.5;36;36.1;37|98;96.5;97.25;97.25;98|325;323;323;323.9;325
Hyena|rare|4.25;4.25;4.55;4.6;5.1|19;17.5;18;18;19|76;81;74;74.9;76
Shrew|rare|6.5;5;5.25;5.4;6.5|21;19.5;20;20;21|85;90;83;83.9;85
Hare|rare|3.25;3.25;3.5;3.5;3.85|16;14.5;15.25;15.25;16|64;61;62;62.9;64
Giant Anteater|rare|6;6;6.25;6.25;6.6|26.5;25;25.75;25.75;26.5|108;105;106;106.9;108
Brown Bear|rare|4;4;4.3;4.35;4.85|18;17;17.25;17.25;18|70;70;68;68.9;70
Mule|rare|1.58;1.58;1.83;1.83;2.13|8.75;7.65;8;8;8.75|36;33;34;34.9;36
Husky|rare|2;2;2.25;2.25;2.6|10.5;9;9.75;9.75;10.5|44;41;42;42.9;44
Rhino|rare|1.25;1.25;1.55;1.6;2|6.5;5.5;6;6;6.5|27;25;25;25.9;27
Polar Bear|rare|3.75;3.75;4.05;4.1;4.6|17;16;16.25;16.25;17|66;66;64;64.9;66
Swan|rare|1.85;1.85;2.15;2.2;2.6|9.5;8;8.75;8.75;9.5|40;38;38;38.9;40
Reindeer|rare|0.8;0.8;1.1;1.15;1.4|4.5;3.5;4;4;4.5|18;16;16;16.9;18
Evil Rock|rare|0.88;0.88;1.1;1.1;1.38|5.15;4.15;4.65;4.65;5.15|21.6;18.6;19.6;20.5;21.6
Ghost Dog|rare|0.8;0.8;1.02;1.02;1.3|4.75;3.9;4.33;4.33;4.75|20;17;18;18.9;20
Leopard Shark|rare|1.43;1.43;1.68;1.68;1.98|8;6.9;7.25;7.25;8|33;30;31;31.9;33
Love Bird|rare|0.19;0.19;0.39;0.39;0.64|1.7;1.15;1.43;1.43;1.7|7;4.9;5.95;5.95;7
English Sheepdog|rare|0.92;0.92;1.14;1.14;1.42|5.35;4.35;4.85;4.85;5.35|22.4;19.4;20.4;21.3;22.4
Moonpine|rare|0.07;0.07;0.27;0.27;0.52|1.1;0.55;0.83;0.83;1.1|4;2.35;3.18;3.18;4
Zeopod|rare|0.07;0.07;0.27;0.27;0.52|1.1;0.55;0.83;0.83;1.1|4;2.35;3.18;3.18;4
Lynx|rare|0.73;0.73;0.95;0.95;1.23|4.4;3.65;4.03;4.03;4.4|18.6;15.6;16.6;17.5;18.6
Musk Ox|rare|0.4;0.4;0.6;0.6;0.85|2.75;2.1;2.43;2.43;2.75|12;9.25;10.25;10.9;12
Nebula Snake|rare|0.14;0.14;0.34;0.34;0.59|1.45;0.9;1.18;1.18;1.45|5.75;3.9;4.83;4.83;5.75
Blossom Snake|rare|0.14;0.14;0.34;0.34;0.59|1.45;0.9;1.18;1.18;1.45|5.75;3.9;4.83;4.83;5.75
Prism Snake|rare|0.14;0.14;0.34;0.34;0.59|1.45;0.9;1.18;1.18;1.45|5.75;3.9;4.83;4.83;5.75
Cow Calf|rare|0.31;0.31;0.51;0.51;0.76|2.3;1.7;2;2;2.3|10;7.5;8.5;8.9;10
Irish Elk|rare|0.49;0.49;0.69;0.69;0.94|3.2;2.55;2.88;2.88;3.2|13.8;11.05;12.05;12.7;13.8
Summer Walrus|rare|0.24;0.24;0.44;0.44;0.69|1.95;1.35;1.65;1.65;1.95|8.25;6;7;7.15;8.25
Hippo|rare|0.35;0.35;0.55;0.55;0.8|2.5;1.9;2.2;2.2;2.5|11;8.25;9.25;9.9;11
Great Pyrenees|rare|0.62;0.62;0.84;0.84;1.12|3.85;3.1;3.48;3.48;3.85|16.4;13.4;14.4;15.3;16.4
Moonlight Moth|rare|0.33;0.33;0.53;0.53;0.78|2.4;1.8;2.1;2.1;2.4|10.5;8;9;9.4;10.5
Starhopper|rare|0.16;0.16;0.36;0.36;0.61|1.55;1;1.28;1.28;1.55|6.25;4.25;5.25;5.25;6.25
Singularity Pisces|rare|0.17;0.17;0.37;0.37;0.62|1.6;1.05;1.33;1.33;1.6|6.5;4.5;5.5;5.5;6.5
Singularity Beetle|rare|0.16;0.16;0.36;0.36;0.61|1.55;1;1.28;1.28;1.55|6.25;4.25;5.25;5.25;6.25
Longhorn Cow|rare|0.25;0.25;0.45;0.45;0.7|2;1.4;1.7;1.7;2|8.5;6.25;7.25;7.4;8.5
Marabou Stork|rare|0.13;0.13;0.33;0.33;0.58|1.4;0.85;1.13;1.13;1.4|5.5;3.65;4.58;4.58;5.5
Cassowary|rare|0.24;0.24;0.44;0.44;0.69|1.95;1.35;1.65;1.65;1.95|8.25;6;7;7.15;8.25
Rat|rare|0.19;0.19;0.39;0.39;0.64|1.7;1.15;1.43;1.43;1.7|7;4.9;5.95;5.95;7
Nutcracker Squirrel|rare|0.15;0.15;0.35;0.35;0.6|1.5;0.95;1.23;1.23;1.5|6;4;5;5;6
Kiwi|rare|0.85;0.85;1.07;1.07;1.35|5;4;4.5;4.5;5|21;18;19;19.9;21
Basilisk|rare|0.14;0.14;0.34;0.34;0.59|1.45;0.9;1.18;1.18;1.45|5.75;3.9;4.83;4.83;5.75
Sasquatch|rare|0.17;0.17;0.37;0.37;0.62|1.6;1.05;1.33;1.33;1.6|6.5;4.5;5.5;5.5;6.5
Tasmanian Devil|rare|0.37;0.37;0.57;0.57;0.82|2.6;1.95;2.28;2.28;2.6|11.4;8.65;9.65;10.3;11.4
Sea Angel|rare|0.11;0.11;0.31;0.31;0.56|1.3;0.75;1.03;1.03;1.3|5;3.25;4.13;4.13;5
Halloween Evil Dachshund|rare|0.23;0.23;0.43;0.43;0.68|1.9;1.3;1.6;1.6;1.9|8;5.75;6.75;6.9;8
Pudding Cat|rare|0.22;0.22;0.42;0.42;0.67|1.85;1.3;1.58;1.58;1.85|7.75;5.65;6.7;6.7;7.75
Feesh|rare|0.18;0.18;0.38;0.38;0.63|1.65;1.1;1.38;1.38;1.65|6.75;4.65;5.7;5.7;6.75
Punk Pony|rare|0.17;0.17;0.37;0.37;0.62|1.6;1.05;1.33;1.33;1.6|6.5;4.5;5.5;5.5;6.5
Steppe Lion|rare|0.15;0.15;0.35;0.35;0.6|1.5;0.95;1.23;1.23;1.5|6;4;5;5;6
Undead Elk|rare|0.16;0.16;0.36;0.36;0.61|1.55;1;1.28;1.28;1.55|6.25;4.25;5.25;5.25;6.25
Bird Of Paradise|rare|0.17;0.17;0.37;0.37;0.62|1.6;1.05;1.33;1.33;1.6|6.5;4.5;5.5;5.5;6.5
Winter Fawn|rare|0.09;0.09;0.29;0.29;0.54|1.2;0.65;0.93;0.93;1.2|4.5;2.75;3.63;3.63;4.5
Goldfish|rare|0.26;0.26;0.46;0.46;0.71|2.05;1.45;1.75;1.75;2.05|8.75;6.5;7.5;7.65;8.75
Koi Carp|rare|0.28;0.28;0.48;0.48;0.73|2.15;1.55;1.85;1.85;2.15|9.25;6.75;7.75;8.15;9.25
Flaming Zebra|rare|0.47;0.47;0.67;0.67;0.92|3.1;2.45;2.78;2.78;3.1|13.4;10.65;11.65;12.3;13.4
Tarsier|rare|0.34;0.34;0.54;0.54;0.79|2.45;1.85;2.15;2.15;2.45|10.75;8.25;9.25;9.65;10.75
Chipmunk|rare|0.36;0.36;0.56;0.56;0.81|2.55;1.9;2.23;2.23;2.55|11.2;8.45;9.45;10.1;11.2
Leopard Cat|rare|0.29;0.29;0.49;0.49;0.74|2.2;1.6;1.9;1.9;2.2|9.5;7;8;8.4;9.5
Ibex|rare|0.21;0.21;0.41;0.41;0.66|1.8;1.25;1.53;1.53;1.8|7.5;5.4;6.45;6.45;7.5
Ostrich|rare|0.19;0.19;0.39;0.39;0.64|1.7;1.15;1.43;1.43;1.7|7;4.9;5.95;5.95;7
Gecko|rare|0.34;0.34;0.54;0.54;0.79|2.45;1.85;2.15;2.15;2.45|10.75;8.25;9.25;9.65;10.75
Eggnog Hare|rare|0.11;0.11;0.31;0.31;0.56|1.3;0.75;1.03;1.03;1.3|5;3.25;4.13;4.13;5
Happy Duckling|rare|0.45;0.45;0.65;0.65;0.9|3;2.35;2.68;2.68;3|13;10.25;11.25;11.9;13
Ice Cube|rare|0.09;0.09;0.29;0.29;0.54|1.2;0.65;0.93;0.93;1.2|4.5;2.75;3.63;3.63;4.5
Blue Jay|rare|0.06;0.06;0.26;0.26;0.51|1.05;0.5;0.78;0.78;1.05|3.75;2.25;3;3;3.75
Weevil|rare|0.05;0.05;0.25;0.25;0.5|1;0.45;0.73;0.73;1|3.5;2;2.75;2.75;3.5
Capuchin Monkey|rare|0.08;0.08;0.28;0.28;0.53|1.15;0.6;0.88;0.88;1.15|4.25;2.6;3.43;3.43;4.25
Emu|rare|0.11;0.11;0.31;0.31;0.56|1.3;0.75;1.03;1.03;1.3|5;3.25;4.13;4.13;5
Pterodactyl|rare|0.13;0.13;0.33;0.33;0.58|1.4;0.85;1.13;1.13;1.4|5.5;3.65;4.58;4.58;5.5
Woolly Mammoth|rare|0.12;0.12;0.32;0.32;0.57|1.35;0.8;1.08;1.08;1.35|5.25;3.4;4.33;4.33;5.25
Dilophosaurus|rare|0.13;0.13;0.33;0.33;0.58|1.4;0.85;1.13;1.13;1.4|5.5;3.65;4.58;4.58;5.5
Bloodhound|rare|0.15;0.15;0.35;0.35;0.6|1.5;0.95;1.23;1.23;1.5|6;4;5;5;6
Oryx|rare|0.08;0.08;0.28;0.28;0.53|1.15;0.6;0.88;0.88;1.15|4.25;2.6;3.43;3.43;4.25
Thorny Devil|rare|0.08;0.08;0.28;0.28;0.53|1.15;0.6;0.88;0.88;1.15|4.25;2.6;3.43;3.43;4.25
Gorilla|rare|0.05;0.05;0.25;0.25;0.5|1;0.45;0.73;0.73;1|3.5;2;2.75;2.75;3.5
Merhorse|rare|0.1;0.1;0.3;0.3;0.55|1.25;0.7;0.98;0.98;1.25|4.75;3;3.88;3.88;4.75
Moon Rabbit|rare|0.75;0.75;0.97;0.97;1.25|4.5;3.75;4.13;4.13;4.5|19;16;17;17.9;19
Ocelot|rare|0.04;0.04;0.24;0.24;0.49|0.95;0.4;0.68;0.68;0.95|3.25;1.75;2.5;2.5;3.25
Australian Kelpie|rare|0.12;0.12;0.32;0.32;0.57|1.35;0.8;1.08;1.08;1.35|5.25;3.4;4.33;4.33;5.25
Ankylosaurus|rare|0.13;0.13;0.33;0.33;0.58|1.4;0.85;1.13;1.13;1.4|5.5;3.65;4.58;4.58;5.5
Scarecrow Horse|rare|0.1;0.1;0.3;0.3;0.55|1.25;0.7;0.98;0.98;1.25|4.75;3;3.88;3.88;4.75
Narwhal|rare|0.13;0.13;0.33;0.33;0.58|1.4;0.85;1.13;1.13;1.4|5.5;3.65;4.58;4.58;5.5
Ghost Wolf|rare|0.1;0.1;0.3;0.3;0.55|1.25;0.7;0.98;0.98;1.25|4.75;3;3.88;3.88;4.75
Dotted Eggy|rare|0.06;0.06;0.26;0.26;0.51|1.05;0.5;0.78;0.78;1.05|3.75;2.25;3;3;3.75
Castle Hermit Crab|rare|0.32;0.32;0.52;0.52;0.77|2.35;1.75;2.05;2.05;2.35|10.25;7.75;8.75;9.15;10.25
Seahorse|rare|0.11;0.11;0.31;0.31;0.56|1.3;0.75;1.03;1.03;1.3|5;3.25;4.13;4.13;5
Black Moon Bear|rare|0.1;0.1;0.3;0.3;0.55|1.25;0.7;0.98;0.98;1.25|4.75;3;3.88;3.88;4.75
Halloween White Mummy Cat|rare|0.13;0.13;0.33;0.33;0.58|1.4;0.85;1.13;1.13;1.4|5.5;3.65;4.58;4.58;5.5
Ibis|rare|0.09;0.09;0.29;0.29;0.54|1.2;0.65;0.93;0.93;1.2|4.5;2.75;3.63;3.63;4.5
Woodpecker|rare|0.09;0.09;0.29;0.29;0.54|1.2;0.65;0.93;0.93;1.2|4.5;2.75;3.63;3.63;4.5
Poison Dart Frog|rare|0.09;0.09;0.29;0.29;0.54|1.2;0.65;0.93;0.93;1.2|4.5;2.75;3.63;3.63;4.5
Monkey|rare|0.12;0.12;0.32;0.32;0.57|1.35;0.8;1.08;1.08;1.35|5.25;3.4;4.33;4.33;5.25
Red Fox|rare|0.18;0.18;0.38;0.38;0.63|1.65;1.1;1.38;1.38;1.65|6.75;4.65;5.7;5.7;6.75
Abyssinian Cat|rare|0.04;0.04;0.24;0.24;0.49|0.95;0.4;0.68;0.68;0.95|3.25;1.75;2.5;2.5;3.25
Zebra|rare|0.02;0.02;0.22;0.22;0.47|0.7;0.15;0.43;0.43;0.7|2.2;0.7;1.45;1.45;2.2
Yellow Butterfly|rare|0.1;0.1;0.3;0.3;0.55|1.25;0.7;0.98;0.98;1.25|4.75;3;3.88;3.88;4.75
Indian Leopard|rare|0.09;0.09;0.29;0.29;0.54|1.2;0.65;0.93;0.93;1.2|4.5;2.75;3.63;3.63;4.5
Toy Poodle|rare|0.18;0.18;0.38;0.38;0.63|1.65;1.1;1.38;1.38;1.65|6.75;4.65;5.7;5.7;6.75
Orange Betta Fish|rare|0.06;0.06;0.26;0.26;0.51|1.05;0.5;0.78;0.78;1.05|3.75;2.25;3;3;3.75
Zombie Chick|rare|0.08;0.08;0.28;0.28;0.53|1.15;0.6;0.88;0.88;1.15|4.25;2.6;3.43;3.43;4.25
Shetland Pony Dark Brown|rare|0.07;0.07;0.27;0.27;0.52|1.1;0.55;0.83;0.83;1.1|4;2.35;3.18;3.18;4
Orangutan|rare|0.02;0.02;0.22;0.22;0.47|0.7;0.15;0.43;0.43;0.7|2.2;0.7;1.45;1.45;2.2
Parakeet|rare|0.02;0.02;0.22;0.22;0.47|0.7;0.15;0.43;0.43;0.7|2.2;0.7;1.45;1.45;2.2
Bunny|rare|0.025;0.025;0.22;0.22;0.475|0.725;0.175;0.45;0.45;0.725|2.3;0.8;1.55;1.55;2.3
Rabbit|rare|0.025;0.025;0.22;0.22;0.475|0.725;0.175;0.45;0.45;0.725|2.3;0.8;1.55;1.55;2.3
Snow Puma|rare|0.02;0.02;0.22;0.22;0.47|0.7;0.15;0.43;0.43;0.7|2.2;0.7;1.45;1.45;2.2
Lunar Tiger|rare|0.06;0.06;0.26;0.26;0.51|1.05;0.5;0.78;0.78;1.05|3.75;2.25;3;3;3.75
Beaver|rare|0.02;0.02;0.22;0.22;0.47|0.7;0.15;0.43;0.43;0.7|2.2;0.7;1.45;1.45;2.2
Ox|rare|0.06;0.06;0.26;0.26;0.51|1.05;0.5;0.78;0.78;1.05|3.75;2.25;3;3;3.75
Chicken|common|1.4;1.4;1.65;1.65;2.15|7;6.5;6.75;6.75;7|30;28;28;28.9;30
Classic Teapot|common|0.15;0.15;0.35;0.35;0.6|1.4;0.85;1.13;1.13;1.4|5.5;3.65;4.58;4.58;5.5
Robin|common|0.13;0.13;0.33;0.33;0.58|1.3;0.75;1.03;1.03;1.3|5;3.25;4.13;4.13;5
Chick|common|0.34;0.34;0.54;0.54;0.79|2.35;1.75;2.05;2.05;2.35|10.25;7.75;8.75;9.15;10.25
Ratatoskr|common|0.04;0.04;0.24;0.24;0.49|0.85;0.3;0.58;0.58;0.85|2.8;1.3;2.05;2.05;2.8
Ash Zebra|common|0.42;0.42;0.62;0.62;0.87|2.75;2.1;2.43;2.43;2.75|12;9.25;10.25;10.9;12
Hopbop|common|0.08;0.08;0.28;0.28;0.53|1.05;0.5;0.78;0.78;1.05|3.75;2.25;3;3;3.75
Maleo Bird|common|0.06;0.06;0.26;0.26;0.51|0.95;0.4;0.68;0.68;0.95|3.25;1.75;2.5;2.5;3.25
Tasmanian Tiger|common|0.09;0.09;0.29;0.29;0.54|1.1;0.55;0.83;0.83;1.1|4;2.35;3.18;3.18;4
Ground Sloth|common|0.09;0.09;0.29;0.29;0.54|1.1;0.55;0.83;0.83;1.1|4;2.35;3.18;3.18;4
Ghost|common|0.084;0.084;0.28;0.28;0.534|1.07;0.52;0.8;0.8;1.07|3.85;2.35;3.1;3.1;3.85
Urchin|common|0.08;0.08;0.28;0.28;0.53|1.05;0.5;0.78;0.78;1.05|3.75;2.25;3;3;3.75
Brachiosaurus|common|0.12;0.12;0.32;0.32;0.57|1.25;0.7;0.98;0.98;1.25|4.75;3;3.88;3.88;4.75
Coyote|common|0.18;0.18;0.38;0.38;0.63|1.55;1;1.28;1.28;1.55|6.25;4.25;5.25;5.25;6.25
Garden Snake|common|0.03;0.03;0.23;0.23;0.48|0.8;0.25;0.53;0.53;0.8|2.6;1.1;1.85;1.85;2.6
Kid Goat|common|0.07;0.07;0.27;0.27;0.52|1;0.45;0.73;0.73;1|3.5;2;2.75;2.75;3.5
Mongoose|common|0.1;0.1;0.3;0.3;0.55|1.15;0.6;0.88;0.88;1.15|4.25;2.6;3.43;3.43;4.25
Bali Starling|common|0.06;0.06;0.26;0.26;0.51|0.95;0.4;0.68;0.68;0.95|3.25;1.75;2.5;2.5;3.25
Stingray|common|0.09;0.09;0.29;0.29;0.54|1.1;0.55;0.83;0.83;1.1|4;2.35;3.18;3.18;4
Wolpertinger|common|0.06;0.06;0.26;0.26;0.51|0.95;0.4;0.68;0.68;0.95|3.25;1.75;2.5;2.5;3.25
Dugong|common|0.11;0.11;0.31;0.31;0.56|1.2;0.65;0.93;0.93;1.2|4.5;2.75;3.63;3.63;4.5
Walrus|common|0.07;0.07;0.27;0.27;0.52|1;0.45;0.73;0.73;1|3.5;2;2.75;2.75;3.5
Liger|common|0.1;0.1;0.3;0.3;0.55|1.15;0.6;0.88;0.88;1.15|4.25;2.6;3.43;3.43;4.25
Cockroach|common|0.11;0.11;0.31;0.31;0.56|1.2;0.65;0.93;0.93;1.2|4.5;2.75;3.63;3.63;4.5
Malaysian Tapir|common|0.21;0.21;0.41;0.41;0.66|1.7;1.15;1.43;1.43;1.7|7;4.9;5.95;5.95;7
Flying Fish|common|0.04;0.04;0.24;0.24;0.49|0.85;0.3;0.58;0.58;0.85|2.8;1.3;2.05;2.05;2.8
Bullfrog|common|0.06;0.06;0.26;0.26;0.51|0.95;0.4;0.68;0.68;0.95|3.25;1.75;2.5;2.5;3.25
Bandicoot|common|0.07;0.07;0.27;0.27;0.52|1;0.45;0.73;0.73;1|3.5;2;2.75;2.75;3.5
Angelfish|common|0.04;0.04;0.24;0.24;0.49|0.85;0.3;0.58;0.58;0.85|2.8;1.3;2.05;2.05;2.8
Show Pony|common|0.08;0.08;0.28;0.28;0.53|1.05;0.5;0.78;0.78;1.05|3.75;2.25;3;3;3.75
Frankenfeline|common|0.05;0.05;0.25;0.25;0.5|0.9;0.35;0.63;0.63;0.9|3;1.5;2.25;2.25;3
Bluebottle Fly|common|0.05;0.05;0.25;0.25;0.5|0.9;0.35;0.63;0.63;0.9|3;1.5;2.25;2.25;3
Armadillo|common|0.06;0.06;0.26;0.26;0.51|0.95;0.4;0.68;0.68;0.95|3.25;1.75;2.5;2.5;3.25
Sandfish|common|0.06;0.06;0.26;0.26;0.51|0.95;0.4;0.68;0.68;0.95|3.25;1.75;2.5;2.5;3.25
Beluga Whale|common|0.07;0.07;0.27;0.27;0.52|1;0.45;0.73;0.73;1|3.5;2;2.75;2.75;3.5
Mosquito|common|0.05;0.05;0.25;0.25;0.5|0.9;0.35;0.63;0.63;0.9|3;1.5;2.25;2.25;3
Sado Mole|common|0.07;0.07;0.27;0.27;0.52|1;0.45;0.73;0.73;1|3.5;2;2.75;2.75;3.5
Mouse|common|0.011;0.011;0.21;0.21;0.461|0.58;0.06;0.32;0.32;0.58|1.65;0.3;0.98;0.98;1.65
Piranha|common|0.05;0.05;0.25;0.25;0.5|0.9;0.35;0.63;0.63;0.9|3;1.5;2.25;2.25;3
Buffalo|common|0.011;0.011;0.21;0.21;0.461|0.58;0.06;0.32;0.32;0.58|1.6;0.3;0.95;0.95;1.6
Ant|common|0.011;0.011;0.21;0.21;0.461|0.58;0.06;0.32;0.32;0.58|1.6;0.3;0.95;0.95;1.6
Otter|common|0.011;0.011;0.21;0.21;0.461|0.58;0.06;0.32;0.32;0.58|1.65;0.3;0.98;0.98;1.65
Dog|common|0.01;0.01;0.21;0.21;0.46|0.55;0.05;0.3;0.3;0.55|1.5;0.25;0.88;0.88;1.5
Cat|common|0.01;0.01;0.21;0.21;0.46|0.55;0.05;0.3;0.3;0.55|1.5;0.25;0.88;0.88;1.5
Blue Dog|uncommon|13.5;12.5;12.75;12.75;13.5|50;51;49;49;50|196;211;194;194.9;196
Pink Cat|uncommon|7.75;6.75;7;7;7.75|24;24;23;23;24|92;97;90;90.9;92
Meerkat|uncommon|5.25;5.25;5.55;5.6;6.1|23.5;22.5;23;23;23.5|96;101;94;94.9;96
Black Panther|uncommon|1.25;1.25;1.5;1.5;2|6.5;5.5;6;6;6.5|27;25;25;25.9;27
Wild Boar|uncommon|1.5;1.5;1.75;1.75;2.25|7.5;6.5;7;7;7.5|31;29;29;29.9;31
Capybara|uncommon|1.35;1.35;1.6;1.6;2.1|7;6;6.5;6.5;7|29;27;27;27.9;29
Silly Duck|uncommon|2;2;2.25;2.25;2.75|8.5;7.5;8;8;8.5|35;33;33;33.9;35
Drake|uncommon|1.15;1.15;1.4;1.4;1.9|5.5;4.75;5.13;5.13;5.5|23;21;21;21.9;23
Wolf|uncommon|0.3;0.3;0.5;0.5;0.75|2.2;1.6;1.9;1.9;2.2|9.5;7;8;8.4;9.5
Mistletroll|uncommon|0.09;0.09;0.29;0.29;0.54|1.15;0.6;0.88;0.88;1.15|4.25;2.6;3.43;3.43;4.25
Snorgle|uncommon|0.06;0.06;0.26;0.26;0.51|1;0.45;0.73;0.73;1|3.5;2;2.75;2.75;3.5
Glyptodon|uncommon|0.25;0.25;0.45;0.45;0.7|1.95;1.35;1.65;1.65;1.95|8.25;6;7;7.15;8.25
Therapy Dog|uncommon|0.33;0.33;0.53;0.53;0.78|2.35;1.75;2.05;2.05;2.35|10.25;7.75;8.75;9.15;10.25
Chickatrice|uncommon|0.12;0.12;0.32;0.32;0.57|1.3;0.75;1.03;1.03;1.3|5;3.25;4.13;4.13;5
Snow Leopard|uncommon|0.14;0.14;0.34;0.34;0.59|1.4;0.85;1.13;1.13;1.4|5.5;3.65;4.58;4.58;5.5
Dingo|uncommon|0.09;0.09;0.29;0.29;0.54|1.15;0.6;0.88;0.88;1.15|4.25;2.6;3.43;3.43;4.25
Canadian Goose|uncommon|0.36;0.36;0.56;0.56;0.81|2.5;1.9;2.2;2.2;2.5|11;8.25;9.25;9.9;11
Quokka|uncommon|0.42;0.42;0.62;0.62;0.87|2.8;2.15;2.48;2.48;2.8|12.2;9.45;10.45;11.1;12.2
2021 Uplift Butterfly|uncommon|0.19;0.19;0.39;0.39;0.64|1.65;1.1;1.38;1.38;1.65|6.75;4.65;5.7;5.7;6.75
Birthday Butterfly 2024|uncommon|0.14;0.14;0.34;0.34;0.59|1.4;0.85;1.13;1.13;1.4|5.5;3.65;4.58;4.58;5.5
2022 Uplift Butterfly|uncommon|0.17;0.17;0.37;0.37;0.62|1.55;1;1.28;1.28;1.55|6.25;4.25;5.25;5.25;6.25
Birthday Butterfly 2023|uncommon|0.11;0.11;0.31;0.31;0.56|1.25;0.7;0.98;0.98;1.25|4.75;3;3.88;3.88;4.75
Triceratops|uncommon|0.12;0.12;0.32;0.32;0.57|1.3;0.75;1.03;1.03;1.3|5;3.25;4.13;4.13;5
Poodle|uncommon|0.02;0.02;0.22;0.22;0.47|0.7;0.15;0.43;0.43;0.7|2.2;0.7;1.45;1.45;2.2
Eggnog Dog|uncommon|0.32;0.32;0.52;0.52;0.77|2.3;1.7;2;2;2.3|10;7.5;8.5;8.9;10
Sea Skeleton Panda|uncommon|0.08;0.08;0.28;0.28;0.53|1.1;0.55;0.83;0.83;1.1|4;2.35;3.18;3.18;4
Stegosaurus|uncommon|0.12;0.12;0.32;0.32;0.57|1.3;0.75;1.03;1.03;1.3|5;3.25;4.13;4.13;5
Rock|uncommon|0.1;0.1;0.3;0.3;0.55|1.2;0.65;0.93;0.93;1.2|4.5;2.75;3.63;3.63;4.5
Dracula Fish|uncommon|0.06;0.06;0.26;0.26;0.51|1;0.45;0.73;0.73;1|3.5;2;2.75;2.75;3.5
Eel|uncommon|0.16;0.16;0.36;0.36;0.61|1.5;0.95;1.23;1.23;1.5|6;4;5;5;6
Amami Rabbit|uncommon|0.51;0.51;0.73;0.73;1.01|3.25;2.6;2.93;2.93;3.25|14;11.25;12.25;12.9;14
Mole|uncommon|0.05;0.05;0.25;0.25;0.5|0.95;0.4;0.68;0.68;0.95|3.25;1.75;2.5;2.5;3.25
Cute-A-Cabra|uncommon|0.13;0.13;0.33;0.33;0.58|1.35;0.8;1.08;1.08;1.35|5.25;3.4;4.33;4.33;5.25
Warthog|uncommon|0.12;0.12;0.32;0.32;0.57|1.3;0.75;1.03;1.03;1.3|5;3.25;4.13;4.13;5
Dolphin|uncommon|0.15;0.15;0.35;0.35;0.6|1.45;0.9;1.18;1.18;1.45|5.75;3.9;4.83;4.83;5.75
Crab|uncommon|0.14;0.14;0.34;0.34;0.59|1.4;0.85;1.13;1.13;1.4|5.5;3.65;4.58;4.58;5.5
Harp Seal|uncommon|1.15;1.15;1.4;1.4;1.7|6.55;5.45;6;6;6.55|27.2;24.2;25.2;26.1;27.2
Rodeo Bull|uncommon|0.08;0.08;0.28;0.28;0.53|1.1;0.55;0.83;0.83;1.1|4;2.35;3.18;3.18;4
Ermine|uncommon|0.16;0.16;0.36;0.36;0.61|1.5;0.95;1.23;1.23;1.5|6;4;5;5;6
Black Marlin|uncommon|0.08;0.08;0.28;0.28;0.53|1.1;0.55;0.83;0.83;1.1|4;2.35;3.18;3.18;4
Scarecrow|uncommon|0.08;0.08;0.28;0.28;0.53|1.1;0.55;0.83;0.83;1.1|4;2.35;3.18;3.18;4
Lobster|uncommon|0.22;0.22;0.42;0.42;0.67|1.8;1.25;1.53;1.53;1.8|7.5;5.4;6.45;6.45;7.5
Arctic Tern|uncommon|0.08;0.08;0.28;0.28;0.53|1.1;0.55;0.83;0.83;1.1|4;2.35;3.18;3.18;4
Possum|uncommon|0.08;0.08;0.28;0.28;0.53|1.1;0.55;0.83;0.83;1.1|4;2.35;3.18;3.18;4
Slug|uncommon|0.09;0.09;0.29;0.29;0.54|1.15;0.6;0.88;0.88;1.15|4.25;2.6;3.43;3.43;4.25
Snowman|uncommon|0.13;0.13;0.33;0.33;0.58|1.35;0.8;1.08;1.08;1.35|5.25;3.4;4.33;4.33;5.25
Kirin|uncommon|0.09;0.09;0.29;0.29;0.54|1.15;0.6;0.88;0.88;1.15|4.25;2.6;3.43;3.43;4.25
Rhino Beetle|uncommon|0.06;0.06;0.26;0.26;0.51|1;0.45;0.73;0.73;1|3.5;2;2.75;2.75;3.5
Tanuki|uncommon|0.21;0.21;0.41;0.41;0.66|1.75;1.2;1.48;1.48;1.75|7.25;5.15;6.2;6.2;7.25
Rattlesnake|uncommon|0.07;0.07;0.27;0.27;0.52|1.05;0.5;0.78;0.78;1.05|3.75;2.25;3;3;3.75
Gila Monster|uncommon|0.07;0.07;0.27;0.27;0.52|1.05;0.5;0.78;0.78;1.05|3.75;2.25;3;3;3.75
Velociraptor|uncommon|0.08;0.08;0.28;0.28;0.53|1.1;0.55;0.83;0.83;1.1|4;2.35;3.18;3.18;4
Bat|uncommon|0.12;0.12;0.32;0.32;0.57|1.3;0.75;1.03;1.03;1.3|5;3.25;4.13;4.13;5
Halloween Blue Scorpion|uncommon|0.1;0.1;0.3;0.3;0.55|1.2;0.65;0.93;0.93;1.2|4.5;2.75;3.63;3.63;4.5
Yellow-Lipped Sea Krait|uncommon|0.07;0.07;0.27;0.27;0.52|1.05;0.5;0.78;0.78;1.05|3.75;2.25;3;3;3.75
Red Cardinal|uncommon|0.06;0.06;0.26;0.26;0.51|1;0.45;0.73;0.73;1|3.5;2;2.75;2.75;3.5
Hermit Crab|uncommon|0.09;0.09;0.29;0.29;0.54|1.15;0.6;0.88;0.88;1.15|4.25;2.6;3.43;3.43;4.25
Arctic Hare|uncommon|0.1;0.1;0.3;0.3;0.55|1.2;0.65;0.93;0.93;1.2|4.5;2.75;3.63;3.63;4.5
Raccoon|uncommon|0.2;0.2;0.4;0.4;0.65|1.7;1.15;1.43;1.43;1.7|7;4.9;5.95;5.95;7
Frogspawn|uncommon|0.09;0.09;0.29;0.29;0.54|1.15;0.6;0.88;0.88;1.15|4.25;2.6;3.43;3.43;4.25
Mahi Mahi|uncommon|0.02;0.02;0.22;0.22;0.47|0.7;0.15;0.43;0.43;0.7|2.2;0.7;1.45;1.45;2.2
Banded Palm Civet|uncommon|0.07;0.07;0.27;0.27;0.52|1.05;0.5;0.78;0.78;1.05|3.75;2.25;3;3;3.75
Halloween Black Mummy Cat|uncommon|0.1;0.1;0.3;0.3;0.55|1.2;0.65;0.93;0.93;1.2|4.5;2.75;3.63;3.63;4.5
Angler Fish|uncommon|0.07;0.07;0.27;0.27;0.52|1.05;0.5;0.78;0.78;1.05|3.75;2.25;3;3;3.75
Borhyaena Gigantica|uncommon|0.07;0.07;0.27;0.27;0.52|1.05;0.5;0.78;0.78;1.05|3.75;2.25;3;3;3.75
Fossa|uncommon|0.1;0.1;0.3;0.3;0.55|1.2;0.65;0.93;0.93;1.2|4.5;2.75;3.63;3.63;4.5
Tawny Frogmouth|uncommon|0.07;0.07;0.27;0.27;0.52|1.05;0.5;0.78;0.78;1.05|3.75;2.25;3;3;3.75
Rock Pigeon|uncommon|0.07;0.07;0.27;0.27;0.52|1.05;0.5;0.78;0.78;1.05|3.75;2.25;3;3;3.75
Donkey|uncommon|0.015;0.015;0.21;0.21;0.465|0.675;0.125;0.4;0.4;0.675|2.1;0.6;1.35;1.35;2.1
Snow Cat|uncommon|0.015;0.015;0.21;0.21;0.465|0.675;0.125;0.4;0.4;0.675|2.1;0.6;1.35;1.35;2.1
Fennec Fox|uncommon|0.015;0.015;0.21;0.21;0.465|0.675;0.125;0.4;0.4;0.675|2.1;0.6;1.35;1.35;2.1
Chocolate Labrador|uncommon|0.015;0.015;0.21;0.21;0.465|0.675;0.125;0.4;0.4;0.675|2.1;0.6;1.35;1.35;2.1
Puma|uncommon|0.015;0.015;0.21;0.21;0.465|0.675;0.125;0.4;0.4;0.675|2.1;0.6;1.35;1.35;2.1
Camel|uncommon|0.015;0.015;0.21;0.21;0.465|0.675;0.125;0.4;0.4;0.675|2.1;0.6;1.35;1.35;2.1
Sweetheart Rat|rare|0.19;0.19;0.39;0.39;0.64|1.7;1.15;1.43;1.43;1.7|7;4.9;5.95;5.95;7
Icy Porcupine|ultra rare|0.18;0.18;0.38;0.38;0.63|1.7;1.15;1.43;1.43;1.7|7;4.9;5.95;5.95;7
Snowy Mammoth|ultra rare|0.18;0.18;0.38;0.38;0.63|1.7;1.15;1.43;1.43;1.7|7;4.9;5.95;5.95;7
Frozen Penguin|ultra rare|0.18;0.18;0.38;0.38;0.63|1.7;1.15;1.43;1.43;1.7|7;4.9;5.95;5.95;7
Gaelic Fae|ultra rare|0.88;0.88;1.1;1.1;1.38|5.2;4.2;4.7;4.7;5.2|21.8;18.8;19.8;20.7;21.8
Frostbite Bear|legendary|41;41;41.4;41.45;42|172;170;171;171;172|700;697;698;698.9;700
Shiver Wolf|rare|0.38;0.38;0.58;0.58;0.83|2.65;2;2.33;2.33;2.65|11.6;8.85;9.85;10.5;11.6
Subzero Scorpion|rare|0.2;0.2;0.4;0.4;0.65|1.75;1.2;1.48;1.48;1.75|7.25;5.15;6.2;6.2;7.25
Clover Cow|rare|0.15;0.15;0.35;0.35;0.6|1.5;0.95;1.23;1.23;1.5|6;4;5;5;6
Tri-Horned Treehopper|ultra rare|16.5;16.5;16.9;16.95;17.5|68;66;67;67;68|280;277;278;278.9;280
Cabbit|ultra rare|27.5;26;26.25;26.5;27.5|58;56;57;57;58|227;225;225;225.9;227
Ringmaster Gibbon|ultra rare|0.2;0.2;0.4;0.4;0.65|1.8;1.25;1.53;1.53;1.8|7.5;5.4;6.45;6.45;7.5
Officer Gibbon|ultra rare|0.19;0.19;0.39;0.39;0.64|1.75;1.2;1.48;1.48;1.75|7.25;5.15;6.2;6.2;7.25
Firefighter Gibbon|ultra rare|0.19;0.19;0.39;0.39;0.64|1.75;1.2;1.48;1.48;1.75|7.25;5.15;6.2;6.2;7.25
Mirai Moth|ultra rare|0.26;0.26;0.46;0.46;0.71|2.1;1.5;1.8;1.8;2.1|9;6.5;7.5;7.9;9
Kage Crow|ultra rare|0.28;0.28;0.48;0.48;0.73|2.2;1.6;1.9;1.9;2.2|9.5;7;8;8.4;9.5
Toxic Kaijunior|ultra rare|0.14;0.14;0.34;0.34;0.59|1.5;0.95;1.23;1.23;1.5|6;4;5;5;6
Hero Gibbon|legendary|7.5;7.5;7.8;7.85;8.25|34;32.25;33.2;33.2;34|140;137;138;138.9;140
Sakura Spirit|legendary|5;5;5.3;5.35;5.75|23;21.25;22.2;22.2;23|94;91;92;92.9;94
Scorching Kaijunior|legendary|3;3;3.3;3.3;3.7|15;13.25;14.2;14.2;15|62;59;60;60.9;62
Influencer Gibbon|legendary|0.77;0.77;1.07;1.07;1.47|5.39;3.7;4.59;4.59;5.39|21.4;18.4;19.4;20.3;21.4
Super Saru|legendary|0.46;0.46;0.76;0.76;1.16|3.3;2.1;2.5;2.5;3.3|12.85;9.85;10.85;11.75;12.85
Villain Gibbon|legendary|0.39;0.39;0.69;0.69;1.09|2.95;1.8;2.15;2.15;2.95|11.5;8.5;9.5;10.4;11.5
Primal Kaijunior|legendary|0.4;0.4;0.7;0.7;1.1|3;1.8;2.3;2.3;3|11.7;8.7;9.7;10.6;11.7
Glormy Dolphin|legendary|0.34;0.34;0.64;0.64;1.04|2.7;1.55;2;2;2.7|10.55;7.55;8.55;9.45;10.55
Mecha R4BBIT|rare|0.24;0.24;0.44;0.44;0.69|1.95;1.35;1.65;1.65;1.95|8.25;6;7;7.15;8.25
Kappakid|rare|0.2;0.2;0.4;0.4;0.65|1.75;1.2;1.48;1.48;1.75|7.25;5.15;6.2;6.2;7.25
Gibbon|rare|0.04;0.04;0.24;0.24;0.49|0.95;0.4;0.68;0.68;0.95|3.25;1.75;2.5;2.5;3.25
Bakeneko|common|0.03;0.03;0.23;0.23;0.48|0.8;0.25;0.53;0.53;0.8|2.6;1.1;1.85;1.85;2.6
Kaijunior|uncommon|0.08;0.08;0.28;0.28;0.53|1.1;0.55;0.83;0.83;1.1|4;2.35;3.18;3.18;4
Momma Moose|ultra rare|0.21;0.21;0.41;0.41;0.66|1.85;1.3;1.58;1.58;1.85|7.75;5.65;6.7;6.7;7.75
Papa Moose|legendary|5.75;5.75;6.05;6.1;6.5|26;24;25;25;26|110;107;108;108.9;110
Moose Calf|legendary|2.75;2.75;3.05;3.05;3.45|14;12.25;13.2;13.2;14|60;57;58;58.9;60
Muskrat|uncommon|0.025;0.025;0.22;0.22;0.475|0.725;0.175;0.45;0.45;0.725|2.3;0.8;1.55;1.55;2.3
Vermilion Butterfly|ultra rare|0.32;0.32;0.52;0.52;0.77|2.4;1.8;2.1;2.1;2.4|10.5;8;9;9.4;10.5
Seafoam Butterfly|ultra rare|0.2;0.2;0.4;0.4;0.65|1.8;1.25;1.53;1.53;1.8|7.5;5.4;6.45;6.45;7.5
Orchid Butterfly|legendary|105;103;103;103.85;105|375;375;374;374;375|1500;1510;1498;1498.9;1500
Prismatic Butterfly|legendary|1.2;1.2;1.5;1.5;1.9|7.75;6;6.95;6.95;7.75|32;29;30;30.9;32
Violet Butterfly|legendary|3.5;3.5;3.8;3.8;4.2|17;16.8;16.2;16.2;17|72;69;70;70.9;72
Amber Butterfly|rare|0.05;0.05;0.25;0.25;0.5|1;0.45;0.73;0.73;1|3.5;2;2.75;2.75;3.5
Blue Butterfly|common|0.03;0.03;0.23;0.23;0.48|0.8;0.25;0.53;0.53;0.8|2.6;1.1;1.85;1.85;2.6
Moonbeam Butterfly|legendary|1.5;1.5;1.8;1.8;2.2|9;7.2;8.2;8.2;9|38;35;36;36.9;38
Seabed Creeper|ultra rare|0.69;0.69;0.91;0.91;1.19|4.25;3.5;3.88;3.88;4.25|18;15;16;16.9;18
Mermicorn|legendary|28;28;28.4;28.45;29|88;86;87;87;88|324;331;322;322.9;324
Hammerhead Shark|uncommon|0.12;0.12;0.32;0.32;0.57|1.3;0.75;1.03;1.03;1.3|5;3.25;4.13;4.13;5
Priceless Shrimp|legendary|0.48;0.48;0.78;0.78;1.18|3.4;2.2;2.6;2.6;3.4|13.25;10.25;11.25;12.15;13.25
Coconut Friend|legendary|0.41;0.41;0.71;0.71;1.11|3.05;1.85;2.25;2.25;3.05|11.9;8.9;9.9;10.8;11.9
Emperor Shrimp|rare|0.12;0.12;0.32;0.32;0.57|1.35;0.8;1.08;1.08;1.35|5.25;3.4;4.33;4.33;5.25
Sea Slug|ultra rare|9.5;9.5;9.8;9.85;10.25|41;39;40;40;41|168;165;166;166.9;168
Kelp Hunter|ultra rare|0.21;0.21;0.41;0.41;0.66|1.85;1.3;1.58;1.58;1.85|7.75;5.65;6.7;6.7;7.75
Kelp Captain|legendary|3.25;3.25;3.55;3.55;3.95|16;15.6;15.2;15.2;16|66;63;64;64.9;66
Kelp Raider|rare|0.12;0.12;0.32;0.32;0.57|1.35;0.8;1.08;1.08;1.35|5.25;3.4;4.33;4.33;5.25
Kelp Crewmate|uncommon|0.09;0.09;0.29;0.29;0.54|1.15;0.6;0.88;0.88;1.15|4.25;2.6;3.43;3.43;4.25
Manta Ray|ultra rare|0.27;0.27;0.47;0.47;0.72|2.15;1.55;1.85;1.85;2.15|9.25;6.75;7.75;8.15;9.25
Island Tarsier|common|0.03;0.03;0.23;0.23;0.48|0.8;0.25;0.53;0.53;0.8|2.6;1.1;1.85;1.85;2.6
Wren|rare|0.07;0.07;0.27;0.27;0.52|1.1;0.55;0.83;0.83;1.1|4;2.35;3.18;3.18;4
Onza|ultra rare|0.1;0.1;0.3;0.3;0.55|1.3;0.75;1.03;1.03;1.3|5;3.25;4.13;4.13;5
Ehecatl|ultra rare|0.08;0.08;0.28;0.28;0.53|1.2;0.65;0.93;0.93;1.2|4.5;2.75;3.63;3.63;4.5
Quetzalcoatl|legendary|0.17;0.17;0.47;0.47;0.87|1.85;0.77;1.25;1.25;1.85|6.75;3.75;4.75;5.65;6.75
Temple Friend|legendary|0.17;0.17;0.47;0.47;0.87|1.85;0.77;1.25;1.25;1.85|6.75;3.75;4.75;5.65;6.75
Water Opossum|rare|0.04;0.04;0.24;0.24;0.49|0.95;0.4;0.68;0.68;0.95|3.25;1.75;2.5;2.5;3.25
Chanekeh|rare|0.04;0.04;0.24;0.24;0.49|0.95;0.4;0.68;0.68;0.95|3.25;1.75;2.5;2.5;3.25
Tree Frog|uncommon|0.025;0.025;0.22;0.22;0.475|0.775;0.225;0.5;0.5;0.775|2.5;1;1.75;1.75;2.5
Tegu|common|0.015;0.015;0.21;0.21;0.465|0.63;0.08;0.36;0.36;0.63|1.85;0.4;1.13;1.13;1.85
Mini Schnauzer|ultra rare|0.84;0.84;1.06;1.06;1.34|5;4;4.5;4.5;5|21;18;19;19.9;21
Munchkin Cat|rare|9.25;9.25;9.65;9.65;10.25|29.5;28;28.75;28.75;29.5|68;65;66;66.9;68
French Bulldog|rare|0.95;0.95;1.17;1.17;1.45|5.5;4.5;5;5;5.5|23;20;21;21.9;23
Siamese Cat|ultra rare|23;21.5;21.75;22;23|47;45;46;46;47|142;139;140;140.9;142
Giant Panda|legendary|194.5;193;192.5;193.35;194.5|750;773.5;749;749;750|3030;3094;3028;3028.9;3030
Emberlight|legendary|3.5;3.5;3.8;3.8;4.2|17;15.75;16.2;16.2;17|72;69;70;70.9;72
2025 Birthday Butterfly|uncommon|0.11;0.11;0.31;0.31;0.56|1.25;0.7;0.98;0.98;1.25|4.75;3;3.88;3.88;4.75
Skelebat|ultra rare|0.13;0.13;0.33;0.33;0.58|1.45;0.9;1.18;1.18;1.45|5.75;3.9;4.83;4.83;5.75
Kitty Bat|legendary|0.48;0.48;0.78;0.78;1.18|3.4;2.2;2.6;2.6;3.4|13.25;10.25;11.25;12.15;13.25
Phantom Dragon|legendary|8.75;8.75;9.1;9.15;9.6|38;36.25;37.2;37.2;38|152;153;150;150.9;152
Patchy Bear|uncommon|0.04;0.04;0.24;0.24;0.49|0.9;0.35;0.63;0.63;0.9|3;1.5;2.25;2.25;3
Chilling Spider|ultra rare|0.14;0.14;0.34;0.34;0.59|1.5;0.95;1.23;1.23;1.5|6;4;5;5;6
Black Widow|legendary|0.91;0.91;1.21;1.21;1.61|6.37;4.1;5.57;5.57;6.37|25.65;22.65;23.65;24.55;25.65
Tarantula|rare|0.08;0.08;0.28;0.28;0.53|1.15;0.6;0.88;0.88;1.15|4.25;2.6;3.43;3.43;4.25
Jumping Spider|uncommon|0.06;0.06;0.26;0.26;0.51|1;0.45;0.73;0.73;1|3.5;2;2.75;2.75;3.5
The Black Dog|rare|0.13;0.13;0.33;0.33;0.58|1.4;0.85;1.13;1.13;1.4|5.5;3.65;4.58;4.58;5.5
Cryptid|legendary|134.5;132.5;132.5;133.35;134.5|345;343;344;344;345|1360;1404;1358;1358.9;1360
Slimingo|legendary|0.35;0.35;0.65;0.65;1.05|2.75;1.6;2.05;2.05;2.75|10.75;7.75;8.75;9.65;10.75
Aye Aye|common|0.03;0.03;0.23;0.23;0.48|0.8;0.25;0.53;0.53;0.8|2.6;1.1;1.85;1.85;2.6
Ghostly Cat|ultra rare|0.18;0.18;0.38;0.38;0.63|1.7;1.15;1.43;1.43;1.7|7;4.9;5.95;5.95;7
DJ Snooze|rare|0.12;0.12;0.32;0.32;0.57|1.35;0.8;1.08;1.08;1.35|5.25;3.4;4.33;4.33;5.25
Choco Penguin|ultra rare|0.17;0.17;0.37;0.37;0.62|1.65;1.1;1.38;1.38;1.65|6.75;4.65;5.7;5.7;6.75
Dango Penguins|legendary|2.35;2.35;2.65;2.65;3.05|12.5;10.75;11.7;11.7;12.5|52;49;50;50.9;52
Strawberry Penguin|legendary|4.5;4.5;4.8;4.85;5.25|21;19;20;20;21|86;83;84;84.9;86
Vanilla Penguin|legendary|0.9;0.9;1.2;1.2;1.6|6.3;4.35;5.5;5.5;6.3|25.35;22.35;23.35;24.25;25.35
Shih Tzu|uncommon|0.02;0.02;0.22;0.22;0.47|0.7;0.15;0.43;0.43;0.7|2.2;0.7;1.45;1.45;2.2
Arctic Dusk Dragon|legendary|3;3;3.35;3.4;3.85|14;12.25;13.2;13.2;14|57;54;55;55.9;57
Humbug|uncommon|0.04;0.04;0.24;0.24;0.49|0.9;0.35;0.63;0.63;0.9|3;1.5;2.25;2.25;3
Tree Sasquatch|rare|0.07;0.07;0.27;0.27;0.52|1.1;0.55;0.83;0.83;1.1|4;2.35;3.18;3.18;4
Turtle Doves|rare|0.09;0.09;0.29;0.29;0.54|1.2;0.65;0.93;0.93;1.2|4.5;2.75;3.63;3.63;4.5
Maine Coon|ultra rare|0.17;0.17;0.37;0.37;0.62|1.65;1.1;1.38;1.38;1.65|6.75;4.65;5.7;5.7;6.75
Christmas Spirit|legendary|0.18;0.18;0.48;0.48;0.88|1.9;0.85;1.2;1.2;1.9|7.25;4.25;5.25;6.15;7.25
Snowball Pug|ultra rare|0.2;0.2;0.4;0.4;0.65|1.8;1.25;1.53;1.53;1.8|7.5;5.4;6.45;6.45;7.5
2D Kitty|legendary|1.5;1.5;1.8;1.8;2.2|9;7.25;8.2;8.2;9|38;35;36;36.9;38
Cozy Mistletroll|ultra rare|0.13;0.13;0.33;0.33;0.58|1.45;0.9;1.18;1.18;1.45|5.75;3.9;4.83;4.83;5.75
Angus Calf|ultra rare|0.09;0.09;0.29;0.29;0.54|1.25;0.7;0.98;0.98;1.25|4.75;3;3.88;3.88;4.75
Mrs Whiskerpips|ultra rare|0.15;0.15;0.35;0.35;0.6|1.55;1;1.28;1.28;1.55|6.25;4.25;5.25;5.25;6.25
Angus Bull|legendary|0.29;0.29;0.59;0.59;0.99|2.45;1.35;1.65;1.65;2.45|9.65;6.65;7.65;8.55;9.65
Angus Cow|rare|0.03;0.03;0.23;0.23;0.48|0.8;0.25;0.53;0.53;0.8|2.6;1.1;1.85;1.85;2.6
Frost Phoenix|legendary|1.35;1.35;1.65;1.65;2.05|8.5;6.75;7.7;7.7;8.5|36;33;34;34.9;36
Old King Coal|uncommon|0.15;0.15;0.35;0.35;0.6|1.45;0.9;1.18;1.18;1.45|5.75;3.9;4.83;4.83;5.75
Bunny Swirl|ultra rare|0.4;0.4;0.6;0.6;0.85|2.8;2.15;2.48;2.48;2.8|12.2;9.45;10.45;11.1;12.2
Samoyed|rare|0.1;0.1;0.3;0.3;0.55|1.25;0.7;0.98;0.98;1.25|4.75;3;3.88;3.88;4.75
Japanese Snow Fairy|common|0.025;0.025;0.22;0.22;0.475|0.725;0.175;0.45;0.45;0.725|2.3;0.8;1.55;1.55;2.3
Clementine Owl|ultra rare|0.15;0.15;0.35;0.35;0.6|1.55;1;1.28;1.28;1.55|6.25;4.25;5.25;5.25;6.25
Dragonfruit Fox|legendary|2.85;2.85;3.15;3.15;3.55|14.5;12.75;13.7;13.7;14.5|60;57;58;58.9;60
Pineapple Owl|legendary|3;3;3.3;3.3;3.7|15;13.25;14.2;14.2;15|62;59;60;60.9;62
Peach Owl|legendary|0.86;0.86;1.16;1.16;1.56|6.02;4.15;5.22;5.22;6.02|24.1;21.1;22.1;23;24.1
Apple Owl|legendary|0.86;0.86;1.16;1.16;1.56|6.02;4.15;5.22;5.22;6.02|24.1;21.1;22.1;23;24.1
German Shepherd|ultra rare|1.1;1.1;1.35;1.35;1.65|6.35;5.25;5.8;5.8;6.35|26.4;23.4;24.4;25.3;26.4
Sneak Weasel|rare|0.04;0.04;0.24;0.24;0.49|0.95;0.4;0.68;0.68;0.95|3.25;1.75;2.5;2.5;3.25
Magpie|uncommon|0.05;0.05;0.25;0.25;0.5|0.95;0.4;0.68;0.68;0.95|3.25;1.75;2.5;2.5;3.25
Rose Dragon|legendary|2.5;2.5;2.8;2.8;3.2|13;11.25;12.2;12.2;13|54;51;52;52.9;54
Cherub Chipmunk|rare|0.05;0.05;0.25;0.25;0.5|1;0.45;0.73;0.73;1|3.5;2;2.75;2.75;3.5
Fire Foal|ultra rare|0.06;0.06;0.26;0.26;0.51|1.05;0.5;0.78;0.78;1.05|3.75;2.25;3;3;3.75
Fire Mare|legendary|0.3;0.3;0.6;0.6;1|2.5;1.35;1.7;1.7;2.5|9.85;6.85;7.85;8.75;9.85
Fire Stallion|legendary|0.12;0.12;0.42;0.42;0.82|1.6;0.54;1.05;1.05;1.6|5.5;2.5;3.5;4.4;5.5
Dire Wolf|ultra rare|0.15;0.15;0.35;0.35;0.6|1.55;1;1.28;1.28;1.55|6.25;4.25;5.25;5.25;6.25
Silverback Gorilla|legendary|49;49;49.4;49.45;50|175;173;174;174;175|625;622;623;623.9;625
Pangolin|ultra rare|0.045;0.045;0.24;0.24;0.495|0.825;0.275;0.55;0.55;0.825|2.7;1.2;1.95;1.95;2.7
Black-Footed Ferret|ultra rare|0.045;0.045;0.24;0.24;0.495|0.825;0.275;0.55;0.55;0.825|2.7;1.2;1.95;1.95;2.7
Blue Whale|legendary|0.1;0.1;0.4;0.4;0.8|1.5;0.45;0.8;0.8;1.5|5;2;3;3.9;5
Sea Turtle|legendary|0.11;0.11;0.41;0.41;0.81|1.55;0.5;0.85;0.85;1.55|5.25;2.25;3.25;4.15;5.25
Mexican Wolf|rare|0.03;0.03;0.23;0.23;0.48|0.75;0.2;0.48;0.48;0.75|2.4;0.9;1.65;1.65;2.4
Black Rhino|rare|0.03;0.03;0.23;0.23;0.48|0.75;0.2;0.48;0.48;0.75|2.4;0.9;1.65;1.65;2.4
Galapagos Sea Lion|common|0.012;0.012;0.21;0.21;0.462|0.6;0.055;0.33;0.33;0.6|1.7;0.25;0.98;0.98;1.7
California Condor|common|0.012;0.012;0.21;0.21;0.462|0.6;0.055;0.33;0.33;0.6|1.7;0.25;0.98;0.98;1.7
Black Tiger|uncommon|0.02;0.02;0.22;0.22;0.47|0.7;0.15;0.43;0.43;0.7|2.2;0.7;1.45;1.45;2.2
Kakapo|uncommon|0.02;0.02;0.22;0.22;0.47|0.7;0.15;0.43;0.43;0.7|2.2;0.7;1.45;1.45;2.2
Velocirooster|legendary|7.5;7.5;7.8;7.85;8.25|33;31;32;32;33|136;133;134;134.9;136
Candicorn|legendary|9.5;9.5;9.9;9.95;10.5|35;33.25;34.2;34.2;35|99;96;97;97.9;99
Cocoadile|uncommon|0.025;0.025;0.22;0.22;0.475|0.725;0.175;0.45;0.45;0.725|2.3;0.8;1.55;1.55;2.3
Gummy Guana|rare|0.03;0.03;0.23;0.23;0.48|0.75;0.2;0.48;0.48;0.75|2.4;0.9;1.65;1.65;2.4
Gumball Caterpillar|ultra rare|0.14;0.14;0.34;0.34;0.59|1.5;0.95;1.23;1.23;1.5|6;4;5;5;6
Waffle Wyrm|ultra rare|0.09;0.09;0.29;0.29;0.54|1.25;0.7;0.98;0.98;1.25|4.75;3;3.88;3.88;4.75
Mochi Meow|legendary|0.1;0.1;0.4;0.4;0.8|1.5;0.45;1;1;1.5|5;2;3;3.9;5
Latte Kitsune|legendary|1.75;1.75;2.05;2.05;2.45|10;8.25;9.2;9.2;10|42;39;40;40.9;42
Jiggly Jerboa|common|0.015;0.015;0.21;0.21;0.465|0.63;0.08;0.36;0.36;0.63|1.85;0.4;1.13;1.13;1.85
Pupcake|ultra rare|0.45;0.45;0.65;0.65;0.9|3.05;2.4;2.73;2.73;3.05|13.2;10.45;11.45;12.1;13.2
White Choccybunny|ultra rare|0.0475;0.0475;0.24;0.24;0.4975|0.8375;0.2875;0.56;0.56;0.8375|2.75;1.25;2;2;2.75
Dark Choccybunny|legendary|0.12;0.12;0.42;0.42;0.82|1.6;0.54;1.1;1.1;1.6|5.5;2.5;3.5;4.4;5.5
Milk Choccybunny|rare|0.025;0.025;0.22;0.22;0.475|0.725;0.175;0.45;0.45;0.725|2.3;0.8;1.55;1.55;2.3
Chocolate Dutch Guinea Pig|ultra rare|1.78;1.78;2.03;2.03;2.33|9.75;8.65;9.2;9.2;9.75|40;37;38;38.9;40
Tortoiseshell Guinea Pig|legendary|38;38;38.4;38.45;39|155;153;154;154;155|630;627;628;628.9;630
Red Dutch Guinea Pig|legendary|11.5;11.5;11.9;11.95;12.5|51;49.25;50.2;50.2;51|210;207;208;208.9;210
Easter Bunny|legendary|0.12;0.12;0.42;0.42;0.82|1.6;0.54;0.85;0.85;1.6|5.5;2.5;3.5;4.4;5.5
Purrowl|legendary|0.09;0.09;0.39;0.39;0.79|1.45;0.41;0.65;0.65;1.45|4.75;1.75;2.75;3.65;4.75
Glormy Crab|legendary|0.23;0.23;0.53;0.53;0.93|2.15;1.05;1.45;1.45;2.15|8.6;5.6;6.6;7.5;8.6
Peachick|ultra rare|0.26;0.26;0.46;0.46;0.71|2.1;1.5;1.8;1.8;2.1|9;6.5;7.5;7.9;9
Moonbeam Peacock|legendary|16.25;16.25;16.65;16.7;17.25|71;69;70;70;71|292;289;290;290.9;292
Peahen|legendary|1.65;1.65;1.95;1.95;2.35|9.5;7.75;8.7;8.7;9.5|40;37;38;38.9;40
Sushi Penguin|legendary|0.92;0.92;1.22;1.22;1.62|6.44;4.45;5.64;5.64;6.44|25.95;22.95;23.95;24.85;25.95
Shadow Dragon Ducky|ultra rare|0.54;0.54;0.76;0.76;1.04|3.5;2.85;3.18;3.18;3.5|15;12;13;13.9;15
Unicorn Ducky|ultra rare|0.0425;0.0425;0.24;0.24;0.4925|0.8125;0.2625;0.54;0.54;0.8125|2.65;1.15;1.9;1.9;2.65
Strawberry Shortcake Ducky|legendary|0.52;0.52;0.82;0.82;1.22|3.64;1.89;2.84;2.84;3.64|14.2;11.2;12.2;13.1;14.2
Glyptodon Ducky|rare|0.025;0.025;0.22;0.22;0.475|0.725;0.175;0.45;0.45;0.725|2.3;0.8;1.55;1.55;2.3
Rubber Ducky|common|0.0125;0.0125;0.21;0.21;0.4625|0.61;0.08;0.35;0.35;0.61|1.75;0.4;1.08;1.08;1.75
Dirty Ducky|common|0.22;0.22;0.42;0.42;0.67|1.75;1.2;1.48;1.48;1.75|7.25;5.15;6.2;6.2;7.25
Ranger Beaver|rare|0.67;0.67;0.89;0.89;1.17|4.1;3.35;3.73;3.73;4.1|17.4;14.4;15.4;16.3;17.4
Bison|rare|0.04;0.04;0.24;0.24;0.49|0.85;0.3;0.58;0.58;0.85|2.8;1.3;2.05;2.05;2.8
Red Panda Ducky|common|0.06;0.06;0.26;0.26;0.51|0.95;0.4;0.68;0.68;0.95|3.25;1.75;2.5;2.5;3.25
Nurse Shark|rare|0.05;0.05;0.25;0.25;0.5|0.9;0.35;0.63;0.63;0.9|3;1.5;2.25;2.25;3
Gecko Ducky|common|0.04;0.04;0.24;0.24;0.49|0.85;0.3;0.58;0.58;0.85|2.8;1.3;2.05;2.05;2.8
Pilot Gull|rare|0.03;0.03;0.23;0.23;0.48|0.75;0.2;0.48;0.48;0.75|2.4;0.9;1.65;1.65;2.4
Sheepdog Ducky|common|0.03;0.03;0.23;0.23;0.48|0.75;0.2;0.48;0.48;0.75|2.4;0.9;1.65;1.65;2.4
Aestus|legendary|4.5;4.5;4.85;4.9;5.35|21;19;20;20;21|86;83;84;84.9;86
Solaris|legendary|4.5;4.5;4.85;4.9;5.35|21;19;20;20;21|86;83;84;84.9;86
Clubtail Dragonfly|uncommon|0.0225;0.0225;0.22;0.22;0.4725|0.7125;0.1625;0.44;0.44;0.7125|2.25;0.75;1.5;1.5;2.25
Rainbow Trout|ultra rare|0.05;0.05;0.25;0.25;0.5|0.85;0.3;0.58;0.58;0.85|2.8;1.3;2.05;2.05;2.8
Tealwood Monster|legendary|0.11;0.11;0.41;0.41;0.81|1.55;0.5;0.75;0.75;1.55|5.25;2.25;3.25;4.15;5.25
River Otter|rare|0.0325;0.0325;0.23;0.23;0.4825|0.7625;0.2125;0.49;0.49;0.7625|2.45;0.95;1.7;1.7;2.45
Irish Setter|uncommon|0.03;0.03;0.23;0.23;0.48|0.75;0.2;0.48;0.48;0.75|2.4;0.9;1.65;1.65;2.4
Stygian Owl|ultra rare|0.04;0.04;0.24;0.24;0.49|0.8;0.25;0.53;0.53;0.8|2.6;1.1;1.85;1.85;2.6
Burger Bear|ultra rare|0.7;0.7;0.92;0.92;1.2|4.3;3.55;3.93;3.93;4.3|18.2;15.2;16.2;17.1;18.2
Storm Condor|ultra rare|0.07;0.07;0.27;0.27;0.52|0.95;0.4;0.68;0.68;0.95|3.25;1.75;2.5;2.5;3.25
Oakee Knight|ultra rare|0.05;0.05;0.25;0.25;0.5|0.85;0.3;0.58;0.58;0.85|2.8;1.3;2.05;2.05;2.8
Oakee Wizard|legendary|0.11;0.11;0.41;0.41;0.81|1.55;0.5;0.75;0.75;1.55|5.25;2.25;3.25;4.15;5.25
Oakee|uncommon|0.025;0.025;0.22;0.22;0.475|0.725;0.175;0.45;0.45;0.725|2.3;0.8;1.55;1.55;2.3
S'mores Raccoon|ultra rare|1.08;1.08;1.33;1.33;1.63|6.25;5.15;5.7;5.7;6.25|26;23;24;24.9;26
Ruddy Duck|rare|0.0275;0.0275;0.22;0.22;0.4775|0.7375;0.1875;0.46;0.46;0.7375|2.35;0.85;1.6;1.6;2.35
Forest Sprite|common|0.018;0.018;0.21;0.21;0.468|0.65;0.1;0.38;0.38;0.65|2;0.5;1.25;1.25;2
General Sheepdog|rare|0.65;0.65;0.87;0.87;1.15|4;3.25;3.63;3.63;4|17;14;15;15.9;17
Chestnut Glyptodon|rare|0.045;0.045;0.24;0.24;0.495|0.825;0.275;0.55;0.55;0.825|2.7;1.2;1.95;1.95;2.7
2D Doggy|legendary|7;7;7.3;7.35;7.75|31;29.25;30.2;30.2;31|128;125;126;126.9;128
Violet Friend|rare|0.035;0.035;0.23;0.23;0.485|0.775;0.225;0.5;0.5;0.775|2.5;1;1.75;1.75;2.5
Sunflower Friend|rare|0.0275;0.0275;0.22;0.22;0.4775|0.7375;0.1875;0.46;0.46;0.7375|2.35;0.85;1.6;1.6;2.35
2026 Birthday Butterfly|uncommon|0.03;0.03;0.23;0.23;0.48|0.75;0.2;0.48;0.48;0.75|2.4;0.9;1.65;1.65;2.4
Cake Friend|ultra rare|1.02;1.02;1.27;1.27;1.57|5.95;4.85;5.2;5.2;5.95|24.8;21.8;22.8;23.7;24.8
Tuxedo Cat|ultra rare|1.88;1.88;2.13;2.13;2.43|10.25;9.15;9.7;9.7;10.25|42;39;40;40.9;42
Chihuaha|ultra rare|1.23;1.23;1.48;1.48;1.78|7;5.9;6.45;6.45;7|29;26;27;27.9;29
Chihuahua|ultra rare|1.33;1.33;1.58;1.58;1.88|7.5;6.4;6.95;6.95;7.5|31;28;29;29.9;31
[ITEMS]
Safari Egg|eggs|legendary|200
Jungle Egg|eggs|legendary|80
Blue Egg|eggs|rare|44
Farm Egg|eggs|legendary|78
Pink Egg|eggs|rare|33
Christmas Egg|eggs|legendary|18
Aussie Egg|eggs|legendary|5.5
Easter 2020 Egg|eggs|common|1.75
Diamond Egg|eggs|legendary|0.17
Royal Desert Egg|eggs|legendary|1
Royal Moon Egg|eggs|legendary|0.4
Golden Egg|eggs|legendary|0.1
Fossil Egg|eggs|legendary|0.7
Ocean Egg|eggs|legendary|0.5
Mythic Egg|eggs|legendary|0.3
Fool Egg|eggs|legendary|0.35
Royal Egg|eggs|legendary|0.07
Woodland Egg|eggs|legendary|0.3
Japan Egg|eggs|legendary|0.18
Southeast Asia Egg|eggs|legendary|0.17
Moon Egg|eggs|legendary|0.09
Danger Egg|eggs|legendary|0.45
Urban Egg|eggs|legendary|0.5
Desert Egg|eggs|legendary|0.12
Garden Egg|eggs|legendary|0.1
Christmas Future Egg|eggs|uncommon|0.6
Retired Egg|eggs|rare|0.05
Zodiac Minion Egg|eggs|legendary|0.3
Pet Egg|eggs|rare|0.04
Cracked Egg|eggs|common|0.02
Royal Aztec Egg|eggs|legendary|0.4
Aztec Egg|eggs|legendary|0.06
Crystal Egg|eggs|legendary|0.08
Basic Egg|eggs|common|0.02
Admin Abuse Egg|eggs|legendary|0.08
Endangered Egg|eggs|legendary|0.06
Wrapped Doll|eggs|legendary|0.8
Neon Black Scooter|vehicles|common|260
Neon Red Scooter|vehicles|ultra rare|2.75
Neon Blue Scooter|vehicles|ultra rare|2.75
Neon Pink Scooter|vehicles|ultra rare|2.75
Neon White Scooter|vehicles|ultra rare|3
Neon Green Scooter|vehicles|ultra rare|2.75
Neon Orange Scooter|vehicles|ultra rare|2.75
Ghost Vehicle|vehicles|ultra rare|36
Rocket Sled|vehicles|legendary|31
Cloud|vehicles|legendary|34
Super Jetpack|vehicles|ultra rare|29
GoKart|vehicles|ultra rare|8
Giant Cheetah Mount|vehicles|legendary|16
Bathtub|vehicles|legendary|7
Bunny Carriage|vehicles|legendary|8
Mono-Moped|vehicles|legendary|5
Horse and Carriage|vehicles|legendary|4.75
Enchanted Broomstick|vehicles|ultra rare|2
Dragon Train|vehicles|legendary|4
Unicorn Cycle|vehicles|legendary|4
Crescent Moon Car|vehicles|legendary|4.25
Shooting Star Board|vehicles|ultra rare|4.5
Pumpkin Carriage|vehicles|legendary|3.25
Horse Cycle|vehicles|legendary|3.5
Monocycle|vehicles|legendary|2
Donut Cycle|vehicles|legendary|1.5
Roblox Snowboard|vehicles|common|17
Snow Snowboard|vehicles|common|17
Ice Snowboard|vehicles|common|16
Gold Snowboard|vehicles|common|15
Glass Snowboard|vehicles|common|3.5
White Neon Snowboard|vehicles|common|12
Adopt Me Snowboard 1|vehicles|common|5
Adopt Me Snowboard 2|vehicles|common|5
Blue Neon Snowboard|vehicles|common|11
Green Neon Snowboard|vehicles|common|10
Orange Neon Snowboard|vehicles|common|3.5
Pink Neon Snowboard|vehicles|common|11
Black Snowboard|vehicles|common|1.15
White Snowboard|vehicles|common|1.25
Blue Snowboard|vehicles|common|1.15
Black Scooter|vehicles|common|1.5
Adopt Me Girl Scooter|vehicles|rare|2.1
Adopt Me Boy Scooter|vehicles|rare|2.1
Cupcake Scooter|vehicles|rare|2
Doge Scooter|vehicles|rare|2
Duck Scooter|vehicles|rare|2
Emoji Scooter|vehicles|rare|2
Gold Scooter|vehicles|uncommon|1.35
Glass Scooter|vehicles|uncommon|1.25
Ice Scooter|vehicles|uncommon|1.25
Wood Scooter|vehicles|uncommon|1.25
White Scooter|vehicles|common|0.9
Pink Scooter|vehicles|common|0.8
Blue Scooter|vehicles|common|0.8
Neon Black Skateboard|vehicles|ultra rare|4
Neon White Skateboard|vehicles|ultra rare|3.75
Neon Orange Skateboard|vehicles|ultra rare|3.25
Neon Blue Skateboard|vehicles|ultra rare|3.25
Neon Red Skateboard|vehicles|ultra rare|3.25
Neon Green Skateboard|vehicles|ultra rare|3.25
Neon Pink Skateboard|vehicles|ultra rare|3.25
Bethink Skateboard|vehicles|rare|2.75
Fissy Skateboard|vehicles|rare|2.75
Doge Skateboard|vehicles|rare|2.5
Fidget Skateboard|vehicles|rare|2.5
Gold Skateboard|vehicles|uncommon|2
Glass Skateboard|vehicles|uncommon|1.75
Wood Skateboard|vehicles|uncommon|1.75
Black Skateboard|vehicles|common|1
White Skateboard|vehicles|common|1.1
Pink Skateboard|vehicles|common|1
Blue Skateboard|vehicles|common|1
Hot Tub Muscle Car|vehicles|legendary|2.5
Flower Truck|vehicles|legendary|3
Dogmobile|vehicles|legendary|1.5
Street Racer|vehicles|legendary|1.25
Summer Spectacle|vehicles|legendary|1.75
Prince Carriage|vehicles|legendary|0.9
Princess Carriage|vehicles|legendary|0.9
Royal Carriage|vehicles|legendary|0.9
Ice Cream Truck|vehicles|legendary|1.25
Lavender Teapot Carriage|vehicles|legendary|1.15
Royal Crown Carriage|vehicles|legendary|1.15
Rose Petal Carriage|vehicles|legendary|1.15
Douglas|vehicles|legendary|1
Tiffany|vehicles|legendary|1
Axel|vehicles|legendary|1
Hoverboard|vehicles|legendary|0.9
Santa's Sleigh|vehicles|legendary|0.95
Festive Deliveries Sleigh|vehicles|legendary|0.95
Gingerbread Sleigh|vehicles|legendary|1.35
Toy Rescue Helicopter|vehicles|legendary|1.5
Gyrocopter|vehicles|legendary|2.25
Shadow Rider|vehicles|legendary|1.25
Headless Horseman's Biplane|vehicles|legendary|1
Emperor's Chariot|vehicles|legendary|1
Egg Delivery Machine|vehicles|legendary|1
Firework Cycle|vehicles|legendary|1
Ice Plane|vehicles|legendary|0.85
Snowmobile|vehicles|legendary|1.75
Choo Choo Train|vehicles|legendary|0.75
Traveling House|vehicles|legendary|0.75
Ribcage Carriage|vehicles|legendary|0.75
Street Drifter|vehicles|legendary|0.85
Regal Roller|vehicles|legendary|0.85
Cupid's Coupe|vehicles|legendary|0.85
Magical Girl Car|vehicles|legendary|0.75
Wing Trunk car|vehicles|legendary|0.75
Bubble Car|vehicles|legendary|0.75
Crabby Cruiser|vehicles|legendary|0.75
Prehistoric Car|vehicles|legendary|1.25
Yellow Taxi Cab|vehicles|legendary|0.65
Black Cab|vehicles|legendary|0.65
SUV|vehicles|legendary|0.6
Hovercar|vehicles|legendary|0.5
Dragonster|vehicles|legendary|0.5
DIno Truck|vehicles|legendary|0.5
Witch's Caravan|vehicles|legendary|0.45
Paint Roller Truck|vehicles|legendary|0.45
Motorized Sofa|vehicles|legendary|0.45
Bee Shuttle|vehicles|legendary|0.45
Imagination Box|vehicles|legendary|0.35
Squirrel Car|vehicles|legendary|0.35
Celestial Carrier|vehicles|legendary|0.35
Dolphin Cruiser|vehicles|legendary|0.35
Wizard Caravan|vehicles|legendary|0.35
Dapper Friend Carrier|vehicles|legendary|0.35
Ancient Unicycle|vehicles|ultra rare|0.1
Beach Buggy|vehicles|ultra rare|0.3
Bumper Car|vehicles|ultra rare|0.25
Camping Van|vehicles|ultra rare|0.1
Candy Camper|vehicles|ultra rare|0.1
Charon's Boat|vehicles|ultra rare|0.2
Classic American Car|vehicles|ultra rare|0.1
Clown car|vehicles|ultra rare|0.3
Cookie Unicycle|vehicles|ultra rare|0.2
Daisymobile|vehicles|ultra rare|0.85
Dirt Bike Unicycle|vehicles|ultra rare|0.03
Donut Unicycle|vehicles|ultra rare|0.25
Festive Deliveries Present Truck|vehicles|ultra rare|1
Flower Wagon|vehicles|ultra rare|0.6
Galleon|vehicles|ultra rare|0.5
Giant Snowball|vehicles|ultra rare|0.45
Harvest Truck|vehicles|ultra rare|0.3
Heart Hoverboard|vehicles|ultra rare|0.45
Hot Air Balloon|vehicles|ultra rare|0.15
Hot Rod Sleigh|vehicles|ultra rare|0.35
Hovercraft|vehicles|ultra rare|0.15
Husky Sled|vehicles|ultra rare|1
Ice Queen Sleigh|vehicles|ultra rare|0.65
Landsailer|vehicles|ultra rare|0.25
Limo|vehicles|ultra rare|0.2
Lunar Muscle Car|vehicles|ultra rare|0.15
Magical Princess Unicycle|vehicles|ultra rare|0.08
Modern Unicycle|vehicles|ultra rare|0.1
Muscle Car|vehicles|ultra rare|0.15
Orchid Racer|vehicles|ultra rare|0.2
Planetary Core Car|vehicles|ultra rare|0.3
Plant Powered Roller Skates|vehicles|ultra rare|0.15
Powerbike|vehicles|ultra rare|0.35
RGB Monster Truck|vehicles|ultra rare|0.2
RGB UFO|vehicles|ultra rare|0.2
Robo Unicycle|vehicles|ultra rare|0.15
Rocket Racer|vehicles|ultra rare|0.2
Snow Globetrotter|vehicles|ultra rare|0.2
Snow Plow|vehicles|ultra rare|0.35
Snowblower Toboggan|vehicles|ultra rare|0.75
Spinning Teacup Vehicle|vehicles|ultra rare|0.15
Sunshine Chariot|vehicles|ultra rare|0.12
Toxic Barrel|vehicles|ultra rare|0.35
Tractor|vehicles|ultra rare|0.35
Trireme|vehicles|ultra rare|0.2
Tundra Exploration Machine|vehicles|ultra rare|0.5
Unicorn Zombie Ponycycle|vehicles|ultra rare|0.5
Unstable Triangle Car|vehicles|ultra rare|0.45
Winged Skates|vehicles|ultra rare|0.1
Zamboni|vehicles|ultra rare|0.15
Beachgoer|vehicles|rare|0.6
Blue Rider|vehicles|rare|0.008
Butterfly Roller Skates|vehicles|rare|0.05
Camper Van|vehicles|rare|0.07
Candy Snowmobile|vehicles|rare|0.4
Chairlift|vehicles|rare|0.6
Convertible|vehicles|rare|2.75
Daisy Unicycle|vehicles|rare|0.2
Festive Ice Skates|vehicles|rare|0.1
Festive Wagon|vehicles|rare|0.6
Fossil Paw Helicopter|vehicles|rare|0.6
Futuristic Unicycle|vehicles|rare|0.15
Galactic Hoverboard|vehicles|rare|0.3
Gingerbread Stunt Plane|vehicles|rare|0.12
Human Bubble|vehicles|rare|0.01
Medieval Wagon|vehicles|rare|0.07
Moped|vehicles|rare|2.5
Off-Road Car|vehicles|rare|0.08
Offroader|vehicles|rare|0.03
Old Sailboat|vehicles|rare|0.08
Party Surfboard|vehicles|rare|0.03
Pizza Unicycle|vehicles|rare|0.1
Rabbit Helicopter|vehicles|rare|2
Racing Monoplane|vehicles|rare|0.4
Rift Rider|vehicles|rare|0.1
Rocket Skates|vehicles|rare|0.07
Sled|vehicles|rare|0.1
Soccer Car|vehicles|rare|0.07
Speedboat|vehicles|rare|0.3
Strawberry Shortcake Skates|vehicles|rare|0.05
Surfboard|vehicles|rare|0.03
Throwing Knife Target|vehicles|rare|0.1
Waffle Wagon|vehicles|rare|0.15
Bat Face Roller Skates|vehicles|uncommon|0.04
Car|vehicles|uncommon|0.06
Circus Ball Skates|vehicles|uncommon|0.03
Circus Ball Unicycle|vehicles|uncommon|0.05
Clown Unicycle|vehicles|uncommon|0.15
Festive Wreath Cruiser|vehicles|uncommon|0.13
Haunted Wagon|vehicles|uncommon|0.14
Icebreaker Ship|vehicles|uncommon|0.15
Water Scooter|vehicles|uncommon|0.15
Open Top Speeder|vehicles|uncommon|0.08
Rainbow Trail Magic Carpet|vehicles|uncommon|0.05
Sports Bike|vehicles|uncommon|0.04
Starter Bike|vehicles|uncommon|0.04
Strawberry Shortcake Unicycle|vehicles|uncommon|0.12
Tiny Convertible|vehicles|uncommon|0.05
Toy Delivery Truck|vehicles|uncommon|0.11
Trusty Sled|vehicles|uncommon|0.06
Family Car|vehicles|uncommon|0.05
Airboat|vehicles|common|0.11
Time Traveler's Clock|vehicles|common|0.08
Classic Airplane|vehicles|common|0.15
Classic Helicopter|vehicles|common|0.13
Classic Boat|vehicles|common|0.11
Soapy Skates|vehicles|common|0.01
Neon Skates|vehicles|common|0.01
Motorbike|vehicles|common|0.02
Motorcycle|vehicles|common|0.02
Standard Roller Skates|vehicles|common|0.008
Roller Skates|vehicles|common|0.008
Tandem Bicycle|vehicles|common|0.008
Multi-Bike|vehicles|common|0.008
Standard Unicycle|vehicles|common|0.006
Unicycle|vehicles|uncommon|0.006
Bicycle|vehicles|common|0.005
Bike|vehicles|common|0.005
Corsair Cruiser|vehicles|rare|0.3
Flying Cloud|vehicles|ultra rare|1.75
Personal Cannon Launcher|vehicles|ultra rare|0.3
Pirate Row Boat|vehicles|uncommon|0.3
Banana Car|vehicles|legendary|0.55
Halloween Black Ponycycle|vehicles|legendary|1.5
Melon Skateboard|vehicles|rare|2.5
Santa Copter|vehicles|legendary|0.85
Lava Racer|vehicles|legendary|0.85
Inspector Sherbet Bus|vehicles|legendary|0.5
Micro Car|vehicles|legendary|0.6
Postie Van|vehicles|legendary|0.55
Hovertible|vehicles|legendary|0.5
Solarpunk Skates|vehicles|ultra rare|0.15
Laser Disco Skates|vehicles|rare|0.07
Orbital Roller Skates|vehicles|rare|0.07
Keyboard Skateboard|vehicles|uncommon|0.04
Latte Motorcycle|vehicles|legendary|0.5
Shadow Dragon Skateboard|vehicles|common|0.5
Gummy Biplane|vehicles|legendary|0.4
Canine Cruiser|vehicles|legendary|0.35
Ketchup and Mustard Jetpack|vehicles|legendary|1.75
Cherry-on-Top|pet_wear|legendary|36
Rainbow Maker|pet_wear|legendary|66.5
Strawberry Shortcake Bat Dragon Backpack|pet_wear|legendary|6
Santa Hat|pet_wear|ultra rare|3.25
Ice Cream Cone Hat|pet_wear|legendary|9.5
Unicorn Horn|pet_wear|ultra rare|23.5
Shadow Wings|pet_wear|legendary|4.5
Angel Wings|pet_wear|legendary|34
Monkey King Crown|pet_wear|ultra rare|3.5
Gold Crown|pet_wear|legendary|3.75
Elf Hat|pet_wear|rare|1.75
Pink Cat Ear Headphones|pet_wear|ultra rare|2.25
Blue Cat Ear Headphones|pet_wear|ultra rare|1
Rain Cloud Hat|pet_wear|legendary|18
Pink Heart Glasses|pet_wear|rare|1.25
Blue Butterfly Wings|pet_wear|ultra rare|0.85
Gold Fairy Crown|pet_wear|rare|0.5
Pink Butterfly Wings|pet_wear|ultra rare|0.25
Pink Hightops|pet_wear|ultra rare|0.25
Gold Tiara|pet_wear|uncommon|0.2
Gold Circle Glasses|pet_wear|uncommon|0.2
Purple Heart Glasses|pet_wear|uncommon|0.2
Founders Crown|pet_wear|rare|0.15
Magic Girl Wings|pet_wear|legendary|32
Dragonfly Fairy Wings|pet_wear|legendary|19
Halo|pet_wear|legendary|38
2022 Birthday Cake|pet_wear|ultra rare|25
2022 Birthday Cupcake Shoes|pet_wear|ultra rare|21
Head Chef|pet_wear|rare|8
2022 Birthday Confetti Cannon|pet_wear|legendary|16
2022 Birthday Party Hat|pet_wear|rare|28
2022 Birthday Party Horn|pet_wear|rare|15
Spring Bunny Hood|pet_wear|rare|5.75
Toaster Hat|pet_wear|legendary|12
Sandwich Hat|pet_wear|legendary|2.25
Tiny Wings|pet_wear|ultra rare|11
Shadow Aura|pet_wear|rare|1
Spring Bunny Nose|pet_wear|uncommon|3.25
Spring Bunny Feet|pet_wear|common|3
Strawberry Hat|pet_wear|rare|0.8
Copter Cap|pet_wear|legendary|1.75
Golden Hair|pet_wear|legendary|0.5
Propeller Hat|pet_wear|rare|2.5
Banana Hat|pet_wear|ultra rare|1
Firey Aura|pet_wear|rare|0.6
Chicken Hat|pet_wear|rare|0.45
Hero Mask|pet_wear|legendary|0.4
Dumpling Friend Hat|pet_wear|ultra rare|0.8
Chef Hat|pet_wear|uncommon|0.15
Puddleducks Hood|pet_wear|ultra rare|0.4
Headband from Karate Gorilla|pet_wear|common|0.4
Clout Goggles|pet_wear|uncommon|0.4
Mule Baskets|pet_wear|uncommon|0.4
Flower Aura|pet_wear|rare|0.35
Cherry Earrings|pet_wear|rare|0.35
Star Sunglasses|pet_wear|common|0.35
Galaxy Explorer Helmet|pet_wear|legendary|0.3
Pirate Hat & Friend|pet_wear|ultra rare|0.3
Cotton Candy Hat|pet_wear|ultra rare|0.6
Chick Backpack|pet_wear|rare|0.3
Chick Hat|pet_wear|rare|0.3
Pink Designer Backpack|pet_wear|uncommon|0.35
White Designer Backpack|pet_wear|ultra rare|0.3
Black Designer Backpack|pet_wear|ultra rare|0.3
Yellow Designer Backpack|pet_wear|uncommon|0.1
Aviator Hat|pet_wear|ultra rare|0.75
Glamicorn Purse Pet|pet_wear|uncommon|0.25
Llamalush Purse Pet|pet_wear|uncommon|0.25
Rubber Ducks|pet_wear|ultra rare|0.35
Duck Floatie|pet_wear|ultra rare|0.2
Egg Glasses|pet_wear|ultra rare|0.2
Steampunk Clock Hat|pet_wear|legendary|0.2
Goth Shoes|pet_wear|rare|4
Strawberry Clip|pet_wear|uncommon|0.35
Strawberry Shortcake Bow|pet_wear|ultra rare|0.3
Back Taco|pet_wear|rare|0.25
Ice Cream Heels|pet_wear|ultra rare|0.25
Clockwork Wings|pet_wear|ultra rare|1.5
Ember Wings|pet_wear|legendary|9
Sailor Cap|pet_wear|rare|2.25
Sushi Skateboard|pet_wear|legendary|1.5
Golden Walrus Crown|pet_wear|legendary|0.85
Cloud Wings|pet_wear|ultra rare|1
Waterfall Hat|pet_wear|legendary|0.5
Music Box Hat|pet_wear|legendary|0.5
Dancing Tube Hat|pet_wear|legendary|0.5
Money Hat|pet_wear|legendary|0.45
Nature's Crown|pet_wear|legendary|0.4
Cowboy Saddle|pet_wear|ultra rare|0.4
2022 Birthday 5 Badge|pet_wear|common|0.4
Ferris Wheel Hat|pet_wear|legendary|0.4
Energy Aura Feet|pet_wear|legendary|0.5
2022 Birthday Confetti Drape|pet_wear|uncommon|0.6
Fishbowl Hat|pet_wear|legendary|0.35
Moon Tome|pet_wear|ultra rare|0.35
Jade Moth Wings|pet_wear|ultra rare|0.3
Crescent Moon Head Ornament|pet_wear|legendary|0.25
Demon Wings|pet_wear|legendary|0.3
Adventurer's Sword|pet_wear|ultra rare|0.3
Fez Hat|pet_wear|ultra rare|0.3
Nest Of Eggs|pet_wear|legendary|0.3
Chimney hat|pet_wear|legendary|0.3
Lightbulb Hat|pet_wear|legendary|0.3
Satellite Spinner|pet_wear|legendary|0.3
Personal Controller|pet_wear|legendary|0.3
Bat Wings|pet_wear|ultra rare|0.4
Flower Monocle|pet_wear|legendary|0.3
Eco Brown Eath-Wizard Hat|pet_wear|ultra rare|2
Bunny Ear Tiara|pet_wear|legendary|0.25
Bone Wings|pet_wear|legendary|0.25
Growing Flower Hat|pet_wear|legendary|0.25
Kraken Hat|pet_wear|legendary|0.25
Macaw Wings|pet_wear|legendary|0.25
RB Battles Trophy Hat|pet_wear|legendary|0.25
Rocket Ship Hat|pet_wear|legendary|0.25
Venus Flytrap Hat|pet_wear|legendary|0.25
Eco Brown Branch Headphones|pet_wear|ultra rare|0.25
Lava Lamp Hat|pet_wear|legendary|0.25
Adventurer's Hood|pet_wear|rare|0.2
Mapgie Wings|pet_wear|ultra rare|0.2
Leaf Wings|pet_wear|ultra rare|0.2
Halloween Black Axe Guitar Accessory|pet_wear|ultra rare|1.25
Halloween Green Zombie Bat Wings|pet_wear|ultra rare|0.2
Sun Tome|pet_wear|ultra rare|0.2
Tutu|pet_wear|ultra rare|0.2
Jetpack|pet_wear|none|0.2
Jester Hat|pet_wear|ultra rare|0.2
Eco Orange Pumpkin Pie Wings|pet_wear|ultra rare|0.2
Kitsune Mask|pet_wear|rare|0.2
Bat Backpack|pet_wear|ultra rare|0.45
Modern Jetpack|pet_wear|ultra rare|0.16
Energy Wings|pet_wear|ultra rare|0.15
Festive Light Crown|pet_wear|ultra rare|0.15
Flower Beret|pet_wear|ultra rare|0.15
Ghost Kitty Backpack|pet_wear|ultra rare|0.2
Gold Coin Monocle|pet_wear|ultra rare|0.15
Half Skirt|pet_wear|ultra rare|0.15
Heart Bow|pet_wear|ultra rare|0.5
Death Cloak|pet_wear|ultra rare|0.15
Eco Orange Maple Cape|pet_wear|ultra rare|0.15
Influencer Hair|pet_wear|ultra rare|0.15
Sack Of Cash|pet_wear|ultra rare|0.15
Winter Bow Wings|pet_wear|ultra rare|0.15
Top Hat|pet_wear|ultra rare|0.15
Midnight Wings|pet_wear|ultra rare|0.15
Kage Cape|pet_wear|ultra rare|0.15
Super Hero Hair|pet_wear|ultra rare|0.15
Solar System Necklace|pet_wear|ultra rare|0.15
Ponytail|pet_wear|ultra rare|0.15
Mobile Phone|pet_wear|ultra rare|0.15
Black Hightops|pet_wear|ultra rare|0.15
Bow Tie|pet_wear|ultra rare|0.15
Brain Jar|pet_wear|legendary|0.15
Bee Wings|pet_wear|ultra rare|0.1
Black Sneakers|pet_wear|common|0.1
Red Sneakers|pet_wear|common|0.1
Crayon Mohawk|pet_wear|common|0.1
Chest Monster|pet_wear|ultra rare|0.1
AR Headset|pet_wear|ultra rare|0.1
Bell Flower Hat|pet_wear|ultra rare|0.1
Bionic Arms|pet_wear|ultra rare|0.1
Christmas Boots|pet_wear|ultra rare|0.1
Clan Banner|pet_wear|ultra rare|0.1
Constellation Cape|pet_wear|ultra rare|0.1
Curved Bow|pet_wear|ultra rare|0.1
Dog Backpack|pet_wear|ultra rare|0.1
Fantastical Wings|pet_wear|ultra rare|0.1
Festive Beard|pet_wear|ultra rare|0.1
Flower Hair|pet_wear|ultra rare|0.1
Flower Heels|pet_wear|ultra rare|0.1
Formal Big Bow Hat|pet_wear|ultra rare|0.1
Fortune Teller Hood|pet_wear|ultra rare|0.1
Frigid Hat|pet_wear|ultra rare|0.1
Gingerbread Star Eye Patch|pet_wear|ultra rare|0.1
Ice Wings|pet_wear|ultra rare|0.1
Katana Set|pet_wear|ultra rare|0.1
Sakura Scythe|pet_wear|ultra rare|0.1
Santa's Bow|pet_wear|ultra rare|0.1
Shark Swimcap|pet_wear|ultra rare|0.1
Silly Duck Hat|pet_wear|ultra rare|0.1
Sky Wings|pet_wear|ultra rare|0.1
Rainbow Dragon Hat|pet_wear|ultra rare|0.1
Snow Cloud Wings|pet_wear|ultra rare|0.1
Strongperson Barbell|pet_wear|ultra rare|0.1
Sun Wings|pet_wear|ultra rare|0.1
Tree Skirt|pet_wear|ultra rare|0.1
Ugly Holiday Cape|pet_wear|ultra rare|0.1
Volcano Hat|pet_wear|ultra rare|0.1
Walking Cane|pet_wear|ultra rare|0.1
Winged Cap|pet_wear|ultra rare|0.1
Winged Heels|pet_wear|ultra rare|0.1
Cupcake Sprinkle Wings|pet_wear|ultra rare|0.1
Leprechaun Tophat|pet_wear|ultra rare|0.1
Mandarin's Hat|pet_wear|ultra rare|0.1
Monster Hat|pet_wear|ultra rare|0.1
Mystic Wing Crown|pet_wear|ultra rare|0.1
Cosy Snow Hat|pet_wear|ultra rare|0.09
Royal Crown Pillow|pet_wear|ultra rare|0.08
Nemes|pet_wear|ultra rare|0.08
Gothic Horns|pet_wear|ultra rare|0.07
Knitted Pumpkin Hat|pet_wear|ultra rare|0.2
Laurel Wreath|pet_wear|ultra rare|0.07
Ninja Collar|pet_wear|ultra rare|0.07
Living Wizard Hat|pet_wear|ultra rare|0.07
Owl Wings|pet_wear|ultra rare|0.07
Rain Leaf Wings|pet_wear|ultra rare|0.07
Long Bangs|pet_wear|ultra rare|0.07
Sorcerer Hat|pet_wear|ultra rare|0.07
Spiky Blue Hair|pet_wear|ultra rare|0.07
Water Can|pet_wear|ultra rare|0.07
Viking Helmet|pet_wear|ultra rare|0.07
Viking Shield|pet_wear|ultra rare|0.07
Villianous Eyebrows|pet_wear|ultra rare|0.07
Rake Wings|pet_wear|ultra rare|0.07
Forgotten Flower|pet_wear|ultra rare|0.07
#1 Ribbon|pet_wear|uncommon|0.07
Angry Eyebrows|pet_wear|ultra rare|0.07
Black Purse|pet_wear|uncommon|0.07
Red Purse|pet_wear|uncommon|0.07
White Purse|pet_wear|uncommon|0.07
Blue Sneakers|pet_wear|common|0.05
Yellow Sneakers|pet_wear|common|0.05
Pink Sneakers|pet_wear|common|0.05
Purple Rose|pet_wear|ultra rare|0.05
Folded Paper Wings|pet_wear|ultra rare|0.05
Antenna|pet_wear|common|0.05
Amber Earrings|pet_wear|rare|0.05
Angler Fish Light|pet_wear|uncommon|0.04
2024 Glasses|pet_wear|common|0.03
2025 Crown|pet_wear|common|0.03
A.D.O.P.T. Lanyard|pet_wear|common|0.03
African Bead Necklace|pet_wear|common|0.03
Snowflake Badge|pet_wear|common|0.005
Fall Badge|pet_wear|common|0.005
Pyramids Badge|pet_wear|common|0.005
Rain Badge|pet_wear|common|0.005
Beluga Badge|pet_wear|common|0.003
Breaked Whale Badge|pet_wear|common|0.003
Dolphin Badge|pet_wear|common|0.003
Killer Whale Badge|pet_wear|common|0.003
Sperm Whale Badge|pet_wear|common|0.003
Wave Badge|pet_wear|common|0.003
WFC Badge|pet_wear|common|0.003
Whale Badge|pet_wear|common|0.003
Omnisex Pride Pin|pet_wear|none|0
Gender Queer Pride Pin|pet_wear|none|0
Intersex Pride Pin|pet_wear|none|0
Trans Pride Pin|pet_wear|common|0.001
Demi Pride Pin|pet_wear|common|0.001
Enby Pride Pin|pet_wear|common|0.001
Gay Man Pride Pin|pet_wear|common|0.001
Gay Pride Pin|pet_wear|common|0.001
Genderfluid Pride Pin|pet_wear|common|0.001
Lesbian Pride Pin|pet_wear|common|0.001
LGBTQ Pride Pin|pet_wear|common|0.001
Pan Pride Pin|pet_wear|common|0.001
Bi Pride Pin|pet_wear|common|0.001
Ace Pride Pin|pet_wear|common|0.001
Aromantic Pride Pin|pet_wear|common|0.001
Balloon Dog|pet_wear|rare|0.1
Bamboo Bindle|pet_wear|rare|0.1
Battle Axe|pet_wear|rare|0.1
Bewitched Hat|pet_wear|rare|0.4
Black Boots|pet_wear|rare|0.3
Black Scarf|pet_wear|rare|0.3
Boots|pet_wear|rare|0.05
Bow Shoes|pet_wear|rare|0.05
Boxing Glove Necklace|pet_wear|rare|0.07
Bucket Shoes|pet_wear|rare|0.1
Bumblebee Hat|pet_wear|rare|0.1
Burger Boots|pet_wear|rare|0.5
Butterfly Headphones|pet_wear|rare|0.05
Buzz Off! Skateboard|pet_wear|rare|0.05
Cactus Friend Hat|pet_wear|rare|0.1
Candy Apple|pet_wear|rare|0.2
Cassette|pet_wear|rare|0.25
Castle Tower|pet_wear|rare|0.05
Cheese Hat|pet_wear|rare|0.1
Chinese Tea Tray|pet_wear|rare|0.05
Cool Sunglasses|pet_wear|rare|0.07
Corndog Mustache|pet_wear|rare|0.1
Cosy Snow Scarf|pet_wear|rare|0.07
Crater Flag Hat|pet_wear|rare|0.07
Crystal Necklace|pet_wear|rare|0.07
Cutlass|pet_wear|rare|0.4
Cyborg Shades|pet_wear|rare|0.07
Dancing Lion Mask|pet_wear|rare|0.07
Dandelion Hat|pet_wear|rare|0.1
Dino Hood|pet_wear|rare|0.1
Diving Fins|pet_wear|rare|0.3
Doggy Door Face|pet_wear|rare|0.07
Duck Feet|pet_wear|rare|0.1
Eagle Wings|pet_wear|rare|0.07
Easter Egg Friends|pet_wear|rare|0.15
Eco Brown Hiking Backpack|pet_wear|rare|1
Eco Orange Pumpkin Eyepatch|pet_wear|rare|0.15
Eco Red Cranberry Branch Wings|pet_wear|rare|0.15
Eco Red Mushroom Hood|pet_wear|rare|0.2
Elf Bandana|pet_wear|rare|0.15
Elf Shoes|pet_wear|rare|0.1
Exposed Brain|pet_wear|rare|0.1
Eye Of Horus Monocle|pet_wear|rare|0.05
Eyepatch|pet_wear|rare|0.4
Fairy Bell Necklace|pet_wear|rare|0.05
Fairy Wings|pet_wear|rare|0.07
Fall Donut Glasses|pet_wear|rare|0.05
Fancy Footwear|pet_wear|rare|0.05
Fancy Top Hat|pet_wear|rare|0.15
Fantasy Blade|pet_wear|rare|0.05
Feather|pet_wear|rare|0.03
Festive Scarf|pet_wear|rare|0.25
Festive Stocking Shoes|pet_wear|rare|0.25
Fire Axe|pet_wear|rare|0.07
Fire Extinguisher Backpack|pet_wear|rare|0.1
Firefighter Boots|pet_wear|rare|0.05
Fire Helmet|pet_wear|rare|0.15
Fire Hose Scarf|pet_wear|rare|0.07
Fire Hydrant|pet_wear|rare|0.07
Fishbone Badge|pet_wear|rare|0.05
Fishers' Headdress|pet_wear|rare|0.1
Flame Cape|pet_wear|rare|0.05
Flamenco Hat|pet_wear|rare|0.4
Flower Collar|pet_wear|rare|0.1
Flower Crown|pet_wear|rare|0.15
Flower Scarf|pet_wear|rare|0.05
Flower Wreath Pin|pet_wear|rare|0.07
Flowery Hair Bow|pet_wear|rare|0.15
Fluffy Earmuffs|pet_wear|rare|0.07
Flying Fish Wings|pet_wear|rare|0.1
Football Helmet|pet_wear|rare|0.07
Fragile Box|pet_wear|rare|0.05
Fur Boots|pet_wear|rare|0.1
Fur Collared Cape|pet_wear|rare|0.07
Galaxy Helmet|pet_wear|rare|0.05
Gemstone Band|pet_wear|rare|0.07
Ghost Hat|pet_wear|rare|0.1
Gingerbread Wings|pet_wear|rare|0.05
Giraffe Bucket Hat|pet_wear|rare|0.15
Glass Slippers|pet_wear|rare|0.07
Gold Chain|pet_wear|rare|0.35
Gold Crown With Sapphire|pet_wear|rare|0.05
Golden Circlet|pet_wear|rare|0.07
Golden Headset|pet_wear|rare|0.07
Gold Medal|pet_wear|rare|0.15
Green Lotus|pet_wear|rare|0.2
Guitar Case|pet_wear|rare|0.07
Halloween Orange Pumpkin Friend Hat|pet_wear|rare|0.25
Halloween White Skull Hat|pet_wear|rare|0.15
Hanbok|pet_wear|rare|0.07
Handheld|pet_wear|rare|0.3
Hat|pet_wear|rare|0.03
Head Tie|pet_wear|rare|0.35
Heart Hat|pet_wear|rare|0.1
Heart Ribbon|pet_wear|rare|0.1
Heater Hat|pet_wear|rare|0.07
Ice Crown|pet_wear|rare|0.15
Ice Earrings|pet_wear|rare|0.1
Ice Halo|pet_wear|rare|0.07
Ice Shoes|pet_wear|rare|0.1
Invisible Wings|pet_wear|rare|0.75
Jailer's Keys|pet_wear|rare|0.05
Jeff's Nametag|pet_wear|rare|0.5
Jingle Bell Earrings|pet_wear|rare|0.07
Kage Scarf|pet_wear|rare|0.07
Large Bow|pet_wear|rare|0.1
Leprechaun Hat|pet_wear|rare|0.15
Leprechaun Jacket|pet_wear|rare|0.1
Lucky Coin Necklace|pet_wear|rare|0.1
Lunar New Year Collar|pet_wear|rare|0.1
Lunar New Year Headdress|pet_wear|rare|0.07
Lunar New Year Knot Earrings|pet_wear|rare|0.07
Lunar New Year Shoes|pet_wear|rare|0.1
Magical Staff|pet_wear|rare|0.07
Magic Hat Face|pet_wear|rare|0.07
Mailbox Hat|pet_wear|rare|0.07
Monocle|pet_wear|rare|0.2
Monstera Leaf Cape|pet_wear|rare|0.07
Moon Helmet|pet_wear|rare|0.15
Orange Hat|pet_wear|rare|0.07
Pancake Stack|pet_wear|rare|3.75
Pink Boots|pet_wear|rare|0.25
Pink Instant Camera|pet_wear|rare|0.45
Pirate Hat|pet_wear|rare|0.25
Planchette Hair Clip|pet_wear|rare|0.2
Platinum Tiara|pet_wear|rare|0.25
Police Cap|pet_wear|rare|0.1
Purple Masquerade Mask|pet_wear|rare|0.1
Rain Boots|pet_wear|rare|1.25
Rainbow Cloud Wings|pet_wear|rare|0.5
Red Lunar New Year Slippers|pet_wear|rare|0.35
Red Masquerade Mask|pet_wear|rare|0.15
Regal Collar|pet_wear|rare|0.05
Reindeer Antlers|pet_wear|rare|0.5
Reindeer Hood|pet_wear|rare|0.1
Respectful Mustache|pet_wear|rare|0.2
RGB Laptop|pet_wear|rare|0.05
Sakura Wings|pet_wear|rare|0.15
Shadow Shuriken|pet_wear|rare|0.2
Shark Fin|pet_wear|rare|0.25
Shooting Star Glasses|pet_wear|rare|0.1
Skeleton Shell|pet_wear|rare|0.1
Skull Bow|pet_wear|rare|0.07
Skull Toy|pet_wear|rare|0.1
Sock Hat|pet_wear|rare|0.05
Sorcerer Wand|pet_wear|rare|0.05
Space Helmet|pet_wear|rare|0.15
Spike Collar|pet_wear|rare|0.25
Spikey Goggles|pet_wear|rare|0.07
Sports Hat|pet_wear|rare|0.05
Star Badge|pet_wear|rare|0.05
Stethoscope|pet_wear|rare|0.05
Sticky Hand Earrings|pet_wear|rare|0.05
Stripey Fall Scarf|pet_wear|rare|0.15
Stylish Neckerchief|pet_wear|rare|0.1
Summer Straw Hat|pet_wear|rare|0.3
Summer Walrus Sunhat|pet_wear|rare|0.2
Sun & Moon Earrings|pet_wear|rare|0.4
Sword|pet_wear|rare|0.05
Three Egg Basket|pet_wear|rare|0.1
Tundra Explorer Goggles|pet_wear|rare|0.05
Turtle Shell|pet_wear|rare|0.45
Volcanic Boots|pet_wear|rare|0.15
VR Goggles|pet_wear|rare|0.1
Walrus Tusks|pet_wear|rare|0.07
Watermelon Backpack|pet_wear|rare|0.75
Watermelon Shoes|pet_wear|rare|0.1
Web Cape|pet_wear|rare|0.07
Wesekh|pet_wear|rare|0.05
Whistle Necklace|pet_wear|rare|0.05
Wicked Boots|pet_wear|rare|0.07
Windup Key|pet_wear|rare|0.4
Winged Medal|pet_wear|rare|0.07
Winged Necklace|pet_wear|rare|0.1
Witch Hat|pet_wear|rare|0.45
Wizard Hat|pet_wear|rare|0.45
Wreath Necklace|pet_wear|rare|0.1
Writing Brush|pet_wear|rare|0.2
Yellow Instant Camera|pet_wear|rare|0.45
Alien Eyes Hat|pet_wear|uncommon|1.15
Aviators|pet_wear|uncommon|0.07
Balloon Wings|pet_wear|uncommon|0.07
Beach Umbrella|pet_wear|uncommon|0.07
Bear Cap|pet_wear|uncommon|0.1
Bear Keychain|pet_wear|uncommon|0.1
Bee Hive|pet_wear|uncommon|0.1
Belgium Scarf|pet_wear|uncommon|0.05
Beret|pet_wear|uncommon|0.1
Black 5 Panel Cap|pet_wear|uncommon|0.07
Black Cozy Hood|pet_wear|uncommon|0.15
Black Fedora|pet_wear|uncommon|0.2
Bolero Hat|pet_wear|uncommon|0.07
Bready Necklace|pet_wear|uncommon|1.25
Briefcase|pet_wear|uncommon|0.35
Brim Beanie|pet_wear|uncommon|0.07
Bunny Straw Hat|pet_wear|uncommon|0.1
Buttercup Collar|pet_wear|uncommon|0.07
Butterfly Clip|pet_wear|uncommon|0.07
Butter Knife|pet_wear|uncommon|0.6
Buttoned Front|pet_wear|uncommon|0.05
Candy Cane Wings|pet_wear|uncommon|0.25
Captain's Jacket|pet_wear|uncommon|0.1
Carrot Headphones|pet_wear|uncommon|0.05
Carrot On A Stick|pet_wear|uncommon|0.05
Cherry Blossom Earring|pet_wear|uncommon|0.15
Cherry Blossom Glasses|pet_wear|uncommon|0.05
Clown Wig|pet_wear|uncommon|0.07
Combat Target Dummy|pet_wear|uncommon|0.04
Conductor Hat|pet_wear|uncommon|0.15
Cowboy Boots|pet_wear|uncommon|0.07
Cyborg Eye|pet_wear|uncommon|0.04
Daisy Glasses|pet_wear|uncommon|0.07
Denmark Soccer Earrings|pet_wear|uncommon|0.04
Dueling Swords|pet_wear|uncommon|0.04
Eco Blue Recyling Bin Hat|pet_wear|uncommon|0.05
Eco Blue Reusable Bottle Backpack|pet_wear|uncommon|0.07
Eco Blue Solar Panel Backpack|pet_wear|uncommon|0.07
Eco Green Leaf Afro|pet_wear|uncommon|0.05
Eco Green Leaf Glasses|pet_wear|uncommon|0.07
Eco Orange Leaf Wings|pet_wear|uncommon|0.05
Eco Orange Maple Earrings|pet_wear|uncommon|0.05
Eco Orange Maple Leaf Scarf|pet_wear|uncommon|0.07
Egg Barrette|pet_wear|uncommon|0.05
Eggnog Hat|pet_wear|uncommon|0.1
England Soccer Boots|pet_wear|uncommon|0.04
Evil Headphones|pet_wear|uncommon|0.07
Explorer Hat|pet_wear|uncommon|0.07
Fall Wreath Necklace|pet_wear|uncommon|0.04
Festive Top Hat|pet_wear|uncommon|0.15
Festive Tree Hat|pet_wear|uncommon|0.1
First Aid Bag|pet_wear|uncommon|0.2
Flower Coche|pet_wear|uncommon|0.07
Flower Drop Earrings|pet_wear|uncommon|0.05
Flower Wings|pet_wear|uncommon|0.2
Flowery Sunhat|pet_wear|uncommon|0.07
Fossil Isle Pickaxe|pet_wear|uncommon|0.05
France Soccer Cap|pet_wear|uncommon|0.04
Froggy Hat|pet_wear|uncommon|0.05
Galaxy Boots|pet_wear|uncommon|0.04
Galaxy Collar|pet_wear|uncommon|0.04
Germany Bucket Hat|pet_wear|uncommon|0.05
Gingerbread Bread|pet_wear|uncommon|0.05
Guitar|pet_wear|uncommon|0.15
Gull Wings|pet_wear|uncommon|0.15
Hair Buns|pet_wear|uncommon|0.07
Halloween Black Cauldron Hat|pet_wear|uncommon|0.1
Halloween Evil Barrel Backpack|pet_wear|uncommon|0.4
Halloween Grey Gravestone Backpack|pet_wear|uncommon|0.3
Halloween Orange Candy Corn Earrings|pet_wear|uncommon|0.1
Headset|pet_wear|uncommon|0.15
Heart Eyepatch|pet_wear|uncommon|0.04
Heavy Anvil|pet_wear|uncommon|0.05
Holly Crown|pet_wear|uncommon|0.05
Honey Bee Collar|pet_wear|uncommon|0.07
Hoop Earrings|pet_wear|uncommon|0.1
Hot Cocoa Hat|pet_wear|uncommon|0.1
Hourglass|pet_wear|uncommon|0.07
Human Feet Shoes|pet_wear|uncommon|0.05
Inmate Cap|pet_wear|uncommon|0.15
Italy Scarf|pet_wear|uncommon|0.05
Jack-O-Lantern Shades|pet_wear|uncommon|0.05
Joystick Controller|pet_wear|uncommon|0.05
Kaijunior Hat|pet_wear|uncommon|0.05
Knight Helmet|pet_wear|uncommon|0.07
Lace Beart Backpack|pet_wear|uncommon|0.07
Lantern Earrings|pet_wear|uncommon|0.07
Lavender Scarf|pet_wear|uncommon|0.04
Leaf Hat|pet_wear|uncommon|0.05
Leprechaun Shoes|pet_wear|uncommon|0.07
Lotus Earrings|pet_wear|uncommon|0.05
Love Letter|pet_wear|uncommon|0.05
Luggage|pet_wear|uncommon|0.2
Magic Wing Badge|pet_wear|uncommon|0.07
Marching Band Cap|pet_wear|uncommon|0.07
Marshmallow Friend|pet_wear|uncommon|0.1
Monster Friend Hat|pet_wear|uncommon|0.04
Morion|pet_wear|uncommon|0.07
Natural Wings|pet_wear|uncommon|0.15
Nautilus Shell Necklace|pet_wear|uncommon|0.1
Netherlands Bucket Hat|pet_wear|uncommon|0.067
Ninja Headband|pet_wear|uncommon|0.1
Orange Backpack|pet_wear|uncommon|0.25
Orange Glasses|pet_wear|uncommon|0.05
Parrot Hood|pet_wear|uncommon|0.07
Party Crown|pet_wear|uncommon|0.1
Peace Shades|pet_wear|uncommon|0.07
Pearl Necklace|pet_wear|uncommon|0.07
Picnic Basket|pet_wear|uncommon|0.07
Pink 5 Panel Cap|pet_wear|uncommon|0.04
Pink Lotus|pet_wear|uncommon|0.1
Pink Trainer Shoes|pet_wear|uncommon|0.04
Pink Twintails|pet_wear|uncommon|0.07
Plunger Hat|pet_wear|uncommon|0.05
Poinsettia Hair Clip|pet_wear|uncommon|0.05
Preppy Sweater|pet_wear|uncommon|0.07
Pride Earrings|pet_wear|uncommon|0.05
Pride Glasses|pet_wear|uncommon|0.05
Pride Headphones|pet_wear|uncommon|0.05
Pride Wings|pet_wear|uncommon|0.07
Pterodactyl Wings|pet_wear|uncommon|0.5
Puffer Jacket|pet_wear|uncommon|0.04
Purple & Green Beads|pet_wear|uncommon|0.05
Radish Friend|pet_wear|uncommon|0.04
Rainbow Bucket Hat|pet_wear|uncommon|0.07
Raven Collar|pet_wear|uncommon|0.04
Red Beanie|pet_wear|uncommon|0.1
Red Envelope|pet_wear|uncommon|0.1
Red Scarf|pet_wear|uncommon|0.1
Red & Yellow Beads|pet_wear|uncommon|0.1
RGB Headset|pet_wear|uncommon|0.07
Rice Cake Hat|pet_wear|uncommon|0.07
Romania Soccer Cap|pet_wear|uncommon|0.05
Rose|pet_wear|uncommon|0.04
Royal Capuchin Cape|pet_wear|uncommon|0.15
Royal Capuchin Crown|pet_wear|uncommon|0.25
Royal Capuchin Saber Pin|pet_wear|uncommon|0.15
Ruff|pet_wear|uncommon|0.3
Safety Pin Beanie|pet_wear|uncommon|0.07
Scythe|pet_wear|uncommon|0.2
Ship Wheel Necklace|pet_wear|uncommon|0.5
Shooting Star Earrings|pet_wear|uncommon|0.07
Shooting Star Wings|pet_wear|uncommon|0.05
Shovel|pet_wear|uncommon|0.07
Shuriken|pet_wear|uncommon|0.15
Silver Chain|pet_wear|uncommon|0.15
Silver Medal|pet_wear|uncommon|0.07
Skater Helmet|pet_wear|uncommon|0.05
Sleigh Earrings|pet_wear|uncommon|0.05
Snack And Beverage Carrier|pet_wear|uncommon|0.06
Snorkel Set|pet_wear|uncommon|0.06
Snowflake Earrings|pet_wear|uncommon|0.05
Snowman Nose|pet_wear|uncommon|0.06
Socks & Sandals|pet_wear|uncommon|0.05
Sombrero|pet_wear|uncommon|0.05
Spain Soccer Earrings|pet_wear|uncommon|0.05
Spider Web Crown|pet_wear|uncommon|0.08
Spikey Hair Wig|pet_wear|uncommon|0.06
Sports Shirt|pet_wear|uncommon|0.06
Spring Glasses|pet_wear|uncommon|0.05
Spyglass Glasses|pet_wear|uncommon|0.05
Steel Toe Heel|pet_wear|uncommon|0.05
Sticky Stick|pet_wear|uncommon|0.05
Strawberry Crown|pet_wear|uncommon|0.15
Striped Necktie|pet_wear|uncommon|0.06
Switzerland Soccer Boots|pet_wear|uncommon|0.05
Target Board|pet_wear|uncommon|0.07
Ten Gallon Hat|pet_wear|uncommon|0.06
Traffic Cone|pet_wear|uncommon|0.06
TV Hood|pet_wear|uncommon|0.05
Two-Toned Fedora|pet_wear|uncommon|0.06
Umbrella Hat|pet_wear|uncommon|0.05
Unfortunate Eyelashes|pet_wear|uncommon|0.25
Victorial Collar|pet_wear|uncommon|0.15
Viking Beard|pet_wear|uncommon|0.06
Welder's Mask|pet_wear|uncommon|0.06
White Cozy Hood|pet_wear|uncommon|0.05
Wind Turbine Earrings|pet_wear|uncommon|0.06
Winter Scarf|pet_wear|uncommon|0.06
Witch Boots|pet_wear|uncommon|0.05
Witch Broom|pet_wear|uncommon|0.09
Witch Nose|pet_wear|uncommon|0.35
Wool Beard|pet_wear|uncommon|0.05
Yarn Ball Earrings|pet_wear|uncommon|0.06
Yellow 5 Panel Cap|pet_wear|uncommon|0.05
Yellow Beanie|pet_wear|uncommon|0.05
Arrow Head|pet_wear|common|0.08
Ball And Chain Earrings|pet_wear|common|0.02
Balloon Flower Hat|pet_wear|common|0.03
Bat Candy Earrings|pet_wear|common|0.03
Bear Hood|pet_wear|common|0.03
Bear Winter Hat|pet_wear|common|0.04
Black Bandana|pet_wear|common|0.02
Black Bowtie|pet_wear|common|0.02
Black Hero Hair|pet_wear|common|0.03
Blue Backpack|pet_wear|common|0.04
Bone Booties|pet_wear|common|0.03
Bowler|pet_wear|common|0.04
Brick Pile|pet_wear|common|0.03
Bronze Medal|pet_wear|common|0.03
Brown Cozy Hood|pet_wear|common|0.03
Bucket Hat|pet_wear|common|0.04
Bug Net|pet_wear|common|0.03
Bush Backpack|pet_wear|common|0.02
Buttoned Ushanka|pet_wear|common|0.02
Cactus Bat|pet_wear|common|0.02
Candy Corn Hat|pet_wear|common|0.04
Card Reader|pet_wear|common|0.03
CD Stack|pet_wear|common|0.03
Christmas Tree Earrings|pet_wear|common|0.03
Clam Wings|pet_wear|common|0.05
Claw Grabber|pet_wear|common|0.03
Clear Glasses|pet_wear|common|0.04
Construction Hat|pet_wear|common|0.04
Cool Quad Skates|pet_wear|common|0.03
Cowboy Hat|pet_wear|common|0.04
Cute Circle Glasses|pet_wear|common|0.04
Da Wingci Wings|pet_wear|common|0.05
Detective Hat|pet_wear|common|0.05
Detective Mustache|pet_wear|common|0.05
Disguise Glasses|pet_wear|common|0.05
Drinks Cooler|pet_wear|common|0.04
Eco Black Tree Motif Cap|pet_wear|common|0.05
Eco Brown Pinecone Earrings|pet_wear|common|0.02
Eco Brown Wooden Clogs|pet_wear|common|0.03
Eco Glowing Lightbulb Necklace|pet_wear|common|0.02
Eco Green Vine Barrette|pet_wear|common|0.02
Eco Green Vine Mustache|pet_wear|common|0.02
Eco Grey Origami Boat Hat|pet_wear|common|0.02
Eco Orange Maple Headpiece|pet_wear|common|0.02
Eco Orange Maple Leaf Mustache|pet_wear|common|0.02
Eco Red Apple Basket Hat|pet_wear|common|0.05
Eco Red Apple Hat|pet_wear|common|0.06
Eco Yellow Corncob Bowtie|pet_wear|common|0.02
Eye Bat Monocle|pet_wear|common|0.02
Fang Necklace|pet_wear|common|0.03
Feather Boa|pet_wear|common|0.05
Festive Star Pin|pet_wear|common|0.03
Flame Crown|pet_wear|common|0.03
Flame Glasses|pet_wear|common|0.03
Flower Bunny Clip|pet_wear|common|0.03
Flower Bunny Ears|pet_wear|common|0.04
Flower Lapel|pet_wear|common|0.04
Flower Power Earrings|pet_wear|common|0.03
Footwrap Shoes|pet_wear|common|0.04
Foragers Reward|pet_wear|common|0.03
Fox Ear Beret|pet_wear|common|0.05
Fried Egg|pet_wear|common|0.03
Frozen Crown|pet_wear|common|0.03
Funky Disco Boots|pet_wear|common|0.04
Gardener Hat|pet_wear|common|0.05
Glowing Skull Key|pet_wear|common|0.03
Gold Ingot|pet_wear|common|0.03
Googly Eye Glasses|pet_wear|common|0.02
Gothic Necklace|pet_wear|common|0.03
Grape Earrings|pet_wear|common|0.03
Headband|pet_wear|common|0.02
Heart Bucket Hat|pet_wear|common|0.04
Heart Heels|pet_wear|common|0.05
Heart Lock Necklace|pet_wear|common|0.04
Holo Cap|pet_wear|common|0.02
Honey Jar|pet_wear|common|0.03
Ice Cape|pet_wear|common|0.03
Ice Monocle|pet_wear|common|0.03
Ivy Necklace|pet_wear|common|0.03
Knockdown Cans|pet_wear|common|0.03
Laced Yellow Heels|pet_wear|common|0.05
Leaf Sprout Hat|pet_wear|common|0.05
Lei|pet_wear|common|0.03
Life Preserver|pet_wear|common|0.05
Lucky Coin Backpack|pet_wear|common|0.03
Magma Greatsword|pet_wear|common|0.03
Magnifying Glass|pet_wear|common|0.04
Microphone|pet_wear|common|0.03
Monstera Plant Pot|pet_wear|common|0.03
Moon Boots|pet_wear|common|0.05
Nap Mask|pet_wear|common|0.05
Neckerchief|pet_wear|common|0.03
Neck Ribbon|pet_wear|common|0.03
Nest|pet_wear|common|0.05
Newsboy Cap|pet_wear|common|0.05
Nose Goop|pet_wear|common|0.04
Paper Bag Hat|pet_wear|common|0.02
Paper Wings|pet_wear|common|0.05
Pink Bandana|pet_wear|common|0.03
Pink Bowtie|pet_wear|common|0.04
Pink Cap|pet_wear|common|0.05
Pocket Protector|pet_wear|common|0.04
Potion Necklace|pet_wear|common|0.03
Prescription Glasses|pet_wear|common|0.07
Pretty Red Bow|pet_wear|common|0.04
Pretzel Eye Patch|pet_wear|common|0.05
Rain Hat|pet_wear|common|0.6
Rainy Clouds Earrings|pet_wear|common|0.03
Raven Hood|pet_wear|common|0.04
Red Back Ribbon|pet_wear|common|0.02
Red Bowtie|pet_wear|common|0.02
Red Butterfly|pet_wear|common|0.04
Red Collar|pet_wear|common|0.02
Red Necktie|pet_wear|common|0.02
Red Ribbon|pet_wear|common|0.05
RGB Collar|pet_wear|common|0.03
Robotic Runners|pet_wear|common|0.03
Ronin Hat|pet_wear|common|0.06
Safety Scissors|pet_wear|common|0.04
Sakura Earrings|pet_wear|common|0.05
Saucepan Hat|pet_wear|common|0.05
Sausage Link|pet_wear|common|0.05
Sheriff's Badge|pet_wear|common|0.03
Sketchbook|pet_wear|common|0.04
Ski Goggles|pet_wear|common|0.05
Skis|pet_wear|common|0.05
Slime Backpack|pet_wear|common|0.05
Slime Shades|pet_wear|common|0.05
Snowman Winter Hat|pet_wear|common|0.05
Snowy Tree Hat|pet_wear|common|0.04
Sock Shoes|pet_wear|common|0.05
Sports Shoes|pet_wear|common|0.04
Spray Can|pet_wear|common|0.03
Springy Heart|pet_wear|common|0.03
Star Barrette|pet_wear|common|0.05
Star Hoodie|pet_wear|common|0.05
Stitched Up Beanie|pet_wear|common|0.03
Striped Tophat|pet_wear|common|0.02
Sunglasses|pet_wear|common|0.02
Sunhat|pet_wear|common|0.02
Thimble Cap|pet_wear|common|0.02
Tool Box|pet_wear|common|0.03
Triangle Shades|pet_wear|common|0.04
Tropical Flower|pet_wear|common|0.03
Tusks|pet_wear|common|0.05
Vampire Cape|pet_wear|common|0.04
Walkie Talkie|pet_wear|common|0.02
Watermelon Hat|pet_wear|common|0.04
Watery Wings|pet_wear|common|0.08
White Bandana|pet_wear|common|0.02
White Bowtie|pet_wear|common|0.02
White Visor|pet_wear|common|0.04
White Winter Hat|pet_wear|common|0.04
Yarn Ball Toy|pet_wear|common|0.05
Yellow Cap|pet_wear|common|0.04
Lighthouse Hat|pet_wear|ultra rare|0.15
Treasure Chest Back Accessory|pet_wear|rare|0.07
Jolly Roger Backpack|pet_wear|uncommon|0.1
Coconut Shoes|pet_wear|common|0.05
Fancy Top Hat (Ringmaster Gibbon)|pet_wear|rare|0.05
Chef Hat from Chef Gorilla|pet_wear|ultra rare|1
Jetpack from Astronaut Gorilla|pet_wear|ultra rare|0.15
Candy Cane (Pet Wear)|pet_wear|uncommon|0.3
Agender Pride Pin|pet_wear|common|0.001
Eco Blue Recycling Bin Badge|pet_wear|common|0
Eco Green Vine Badge|pet_wear|common|0
Reco White Spider Web Badge|pet_wear|common|0
Princess Booties|pet_wear|uncommon|0.1
Pirate Eye Patch|pet_wear|ultra rare|0.03
Triton's Badge|pet_wear|uncommon|0.02
Hook Earrings|pet_wear|ultra rare|0.05
Unicorn Backpack|pet_wear|legendary|4
Giraffe Backpack|pet_wear|legendary|70
Giraffe Hat|pet_wear|legendary|45
Winged Cap 2|pet_wear|uncommon|0.05
Icey Aura|pet_wear|legendary|2
Thinking Cap|pet_wear|none|1.25
Thinking Hat|pet_wear|legendary|1.25
Eaten Donut|pet_wear|rare|0.25
Chocolate Chip Bat Dragon Backpack|pet_wear|legendary|1.15
Strawberry Plushie Rider|pet_wear|legendary|120
Strawberry Cupcake Shoes|pet_wear|legendary|180
SSBD Beanie|pet_wear|legendary|42
SSBD Sunnies|pet_wear|legendary|165
Flying Fairy|pet_wear|legendary|0.5
Sea Monster Friend Hat|pet_wear|rare|0.03
Laser Hat|pet_wear|uncommon|0.15
Science Hat|pet_wear|legendary|0.5
Grinder Hat|pet_wear|legendary|0.4
Security Spotlight|pet_wear|legendary|0.3
Rotating Periscope|pet_wear|legendary|0.3
Puppeteer Hand|pet_wear|legendary|0.25
Inspector Siren Collar|pet_wear|ultra rare|0.2
Swamp Mist Wings|pet_wear|rare|0.2
Theatrical Hat|pet_wear|ultra rare|0.2
Red Panda Bag|pet_wear|ultra rare|0.15
Aztec Crown|pet_wear|ultra rare|0.15
Moth Hair Clip|pet_wear|ultra rare|0.15
Cat Backpack|pet_wear|ultra rare|0.15
City Hat|pet_wear|legendary|0.15
Snowstorm Hat|pet_wear|ultra rare|0.15
2D Glasses|pet_wear|uncommon|0.15
Floating Cloud|pet_wear|ultra rare|0.15
2026 NYE Glasses|pet_wear|common|0.1
Diamond Glasses|pet_wear|ultra rare|0.1
Ruby Necklace|pet_wear|ultra rare|0.1
Goth Spike Boots|pet_wear|rare|0.1
Pink Cowboy Hat|pet_wear|ultra rare|0.1
Oni Samurai Hat|pet_wear|ultra rare|0.1
Red Panda Scarf|pet_wear|rare|0.1
Y2K Shades|pet_wear|ultra rare|0.1
Stylish Messenger Bag|pet_wear|ultra rare|0.1
Toaster Tart Backpack|pet_wear|uncommon|0.1
Aztec Mask|pet_wear|ultra rare|0.1
3D Printer Hat|pet_wear|common|0.1
Track Paws|pet_wear|rare|0.07
2D Top Hat|pet_wear|uncommon|0.07
Gold Shimmery Cape|pet_wear|uncommon|0.07
Zebra Backpack|pet_wear|ultra rare|0.07
Back Pencil|pet_wear|rare|0.07
Heart Eyebrows|pet_wear|uncommon|0.07
Rubber Chicken Hat|pet_wear|common|0.07
Cupcake Hat|pet_wear|common|0.07
Macaroni Penguin Slippers|pet_wear|rare|0.07
Kiwi Hat|pet_wear|rare|0.07
Glitzy Collar|pet_wear|uncommon|0.07
Ghostly Opera Glasses|pet_wear|uncommon|0.07
Dragon Eye Patch|pet_wear|rare|0.07
Spiderweb Coffin Backpack|pet_wear|ultra rare|0.07
Festive Antlers|pet_wear|ultra rare|0.07
Festive Striped Scarf|pet_wear|uncommon|0.07
Snowflake Earmuffs|pet_wear|ultra rare|0.07
Ice Tiara|pet_wear|ultra rare|0.07
Spiral Glasses|pet_wear|rare|0.05
Solar Winged Halo|pet_wear|rare|0.05
Magic Girl Sword|pet_wear|rare|0.05
Robo Arms Collar|pet_wear|rare|0.05
Battery Backpack|pet_wear|common|0.05
Bubble Necklace|pet_wear|uncommon|0.05
Night In A Jar|pet_wear|uncommon|0.05
Instant Photo Necklace|pet_wear|uncommon|0.05
Doodle Glasses|pet_wear|uncommon|0.05
Camera Hat|pet_wear|common|0.05
Grunge Bucket Hat|pet_wear|rare|0.05
Cyber Headphones|pet_wear|rare|0.05
Double Pearl Earrings|pet_wear|common|0.05
Dragonfruit Feet|pet_wear|common|0.05
Retro 3D Glasses|pet_wear|uncommon|0.05
Beach Necklace|pet_wear|common|0.05
Virtual Pet Necklace|pet_wear|rare|0.05
Keyboard Necklace|pet_wear|common|0.05
Toasty Mittens|pet_wear|common|0.05
Cat Hood|pet_wear|ultra rare|0.04
Heart Tiara|pet_wear|rare|0.04
Whimsigoth Bag|pet_wear|rare|0.03
Waffle Top Hat|pet_wear|ultra rare|0.1
Cocoadile Cape|pet_wear|rare|0.07
Cocoadile Hat|pet_wear|ultra rare|0.1
Wielded Flail|pet_wear|rare|0.03
Fur Tuft|pet_wear|common|0.02
K9 Handler Cap|pet_wear|common|0.02
Inspector Cape|pet_wear|common|0.02
Septum Ring|pet_wear|uncommon|0.02
Cowry Shell Clip|pet_wear|common|0.02
Eaten Watermelon|pet_wear|common|0.02
Purple Mushrooms|pet_wear|common|0.02
Black Cartoon Hair|pet_wear|uncommon|0.02
Lion's Mane|pet_wear|uncommon|0.02
Bamboo Earrings|pet_wear|common|0.02
Airplane Wings|pet_wear|rare|0.02
Flower Afro Puffs|pet_wear|rare|0.02
Cicada Brooch|pet_wear|common|0.02
Sushi Roll Friend|pet_wear|common|0.02
Green Headscarf|pet_wear|uncommon|0.02
Keyring|pet_wear|rare|0.02
Waffle Coat|pet_wear|uncommon|0.04
Edible Candy Collar|pet_wear|ultra rare|0.11
Waffle Staff|pet_wear|rare|0.07
Candy Corn Cape|pet_wear|common|0.02
Candy Copper Hat|pet_wear|rare|0.07
Gumball Paws|pet_wear|common|0.02
Gummy Goggles|pet_wear|uncommon|0.04
Candy Cliffs Hat|pet_wear|rare|0.07
Lovely Cape|pet_wear|common|0.02
Carrot Sprout|pet_wear|common|0.02
Robot Arm|pet_wear|uncommon|0.02
Brainworm|pet_wear|uncommon|0.02
Burger Bun Hat|pet_wear|legendary|0.5
Whipped Cream Hat|pet_wear|ultra rare|0.12
Gummy Aviator Scarf|pet_wear|ultra rare|0.1
Cheesecake Hat|pet_wear|rare|0.1
Latte Cape|pet_wear|uncommon|0.04
Jiggly Shoes|pet_wear|uncommon|0.04
Sugar Dice Hat|pet_wear|uncommon|0.15
Pink Sprinkle Goggles|pet_wear|common|0.02
Yarn Beanie|pet_wear|rare|0.15
Santa Beard|pet_wear|rare|0.1
Nutcracker Hat|pet_wear|rare|0.1
Bauble Necklace|pet_wear|uncommon|0.06
Glormy Backpack|pet_wear|legendary|0.4
Culinary Wizard Hat|pet_wear|ultra rare|0.314159265359
Forest Warden Hat|pet_wear|rare|0.13
Hiking Boots|pet_wear|rare|0.13
Ranger Neckerchief|pet_wear|rare|0.13
Sheriff Hat|pet_wear|rare|0.06
Cowboy Neckerchief|pet_wear|uncommon|0.04
Pleather Boots|pet_wear|common|0.02
Nurse Cap|pet_wear|rare|0.06
Surgical Mask|pet_wear|uncommon|0.04
Heart's Stethoscope|pet_wear|common|0.02
Panda Cap|pet_wear|rare|900
Buzzing Honeypot Hat|pet_wear|legendary|165
Hive Backpack|pet_wear|legendary|78
Queen Bee Slippers|pet_wear|legendary|72
Egg Stroller|strollers|rare|55
Quad Stroller|strollers|rare|13
Heart Stroller|strollers|rare|12
Vampire Stroller|strollers|rare|10
Cradle Stroller|strollers|rare|3.5
Unicorn Stroller|strollers|ultra rare|5.5
Baby Basket Stroller|strollers|ultra rare|3.75
Race Car Stroller|strollers|ultra rare|5
Duck Stroller|strollers|ultra rare|4
Ice Cream Stroller|strollers|rare|1.85
Airplane Stroller|strollers|rare|3.25
Floating Hand Stroller|strollers|legendary|1.75
Easter Egg Stroller|strollers|ultra rare|2.25
Half Egg Stroller|strollers|ultra rare|2.25
Rainbow Stroller|strollers|ultra rare|1.75
Trike Stroller|strollers|rare|1.5
Pizza Stroller|strollers|rare|1.85
Bunny Stroller|strollers|ultra rare|2.25
French Fries Stroller|strollers|ultra rare|1.15
Pumpkin Stroller|strollers|rare|0.75
Flower Stroller|strollers|ultra rare|1.75
Popsicle Stroller|strollers|ultra rare|1.25
Cauldron Stroller|strollers|rare|1
Elephant Stroller|strollers|ultra rare|1
Kangaroo Stroller|strollers|ultra rare|0.45
Balloon Stroller|strollers|ultra rare|0.45
Egg Basket Stroller|strollers|rare|0.45
Reindeer Stroller|strollers|ultra rare|0.4
Palanquin Stroller|strollers|ultra rare|0.3
Cannon Stroller|strollers|ultra rare|1
Hatched Egg Stroller|strollers|rare|0.25
Egyptian Chariot Stroller|strollers|ultra rare|0.2
Snow Mobile Stroller|strollers|ultra rare|0.2
Teacup Stroller|strollers|legendary|0.175
Triple Stroller|strollers|ultra rare|0.25
Web Stroller|strollers|ultra rare|0.175
Halloween Black Witch Hat Stroller|strollers|rare|0.175
Dog House Stroller|strollers|rare|0.175
Wheelbarrow Stroller|strollers|ultra rare|0.15
Fall Wheelbarrow Stroller|strollers|ultra rare|0.15
Lunar Stroller|strollers|ultra rare|0.15
Claw Machine Stroller|strollers|ultra rare|0.15
Tractor Stroller|strollers|ultra rare|0.15
Throne Stroller|strollers|rare|0.15
Flower Cart Stroller|strollers|rare|0.125
Rocket Ship Stroller|strollers|rare|0.125
Stocking Stroller|strollers|rare|0.125
Takoyaki Stroller|strollers|rare|0.125
Drone Stroller|strollers|ultra rare|0.1
Red Wagon Stroller|strollers|ultra rare|0.1
Woodland Cradle Stroller|strollers|ultra rare|0.1
Pirate Captain Stroller|strollers|rare|0.1
Banana Stroller|strollers|rare|0.5
Crystal Ball Stroller|strollers|rare|0.1
Droplet Stroller|strollers|uncommon|0.1
Snow Globe Stroller|strollers|uncommon|0.1
Hover Stroller|strollers|ultra rare|0.09
Toilet Stroller|strollers|ultra rare|0.09
Tulip Stroller|strollers|ultra rare|0.09
Catapult Stroller|strollers|ultra rare|0.09
Pea Pod Stroller|strollers|ultra rare|0.09
UFO Stroller|strollers|ultra rare|0.09
Snowman Stroller|strollers|rare|0.08
Froggy Stroller|strollers|rare|0.08
Pelican Stroller|strollers|rare|0.06
Princess Stroller|strollers|rare|0.06
Car Stroller|strollers|uncommon|0.08
Plane Stroller|strollers|uncommon|0.08
Soy Sauce Stroller|strollers|uncommon|0.08
Double Stroller|strollers|uncommon|0.08
Lunar New Year Rickshaw Stroller|strollers|ultra rare|0.07
Apple Barrel Stroller|strollers|rare|0.07
Ice Skate Stroller|strollers|rare|0.06
High Heal Stroller|strollers|rare|0.06
Crate Stroller|strollers|rare|0.06
RGB Stroller|strollers|uncommon|0.06
Potion Stroller|strollers|uncommon|0.06
Magic Moon Stroller|strollers|uncommon|0.06
Sailboat Stroller|strollers|uncommon|0.06
Hot Cocoa Stroller|strollers|rare|0.04
Shipwreck Stroller|strollers|rare|0.04
Spikey Chariot Stroller|strollers|rare|0.04
Strawberry Stroller|strollers|rare|0.04
Meadow Barrow Stroller|strollers|uncommon|0.03
Sleigh Stroller|strollers|uncommon|0.03
Flip Phone Stroller|strollers|rare|0.02
Magic Carpet Stroller|strollers|uncommon|0.02
Old Lump of Log Stroller|strollers|uncommon|0.015
Coconut Stroller|strollers|uncommon|0.015
Camper's Wheelbarrow Stroller|strollers|uncommon|0.015
Big Leaf Stroller|strollers|common|0.015
Clam Stroller|strollers|common|0.015
Shopping Cart Stroller|strollers|common|0.015
Trike Stroller (2022)|strollers|common|0.015
Stroller|strollers|uncommon|0.01
High Heel Stroller|strollers|rare|0.06
Scarebear Stroller|strollers|ultra rare|0.2
Donut Stroller|strollers|ultra rare|0.2
Swan Stroller|strollers|ultra rare|0.15
Humbug Stroller|strollers|rare|0.06
Santa's Helper Stroller|strollers|rare|0.1
Iced Cake Stroller|strollers|rare|0.06
Rainbow Rattle|toys|rare|1930
Candy Cannon|toys|legendary|325
Flying Broomstick|toys|legendary|85
Tombstone Ghostify|toys|rare|49
Pumpkin|toys|rare|17
Chinese Lantern|toys|uncommon|14
Hugging Egg|toys|rare|5.5
Hot Cocoa Stand|toys|ultra rare|1.75
Hotdog Stand|toys|ultra rare|0.65
Cotton Candy Stand|toys|ultra rare|0.7
Lemonade Stand|toys|ultra rare|0.5
Classic Trade Stand|toys|ultra rare|0.7
Magic House Door|toys|ultra rare|0.65
Tea Party Set|toys|legendary|3.75
Tea Party Chair|toys|ultra rare|3
Glider|toys|ultra rare|2.5
Teddy Skele|toys|rare|7
Staff Ingredient|toys|legendary|2.75
Cat Plush|toys|common|1.75
Unicorn Plush|toys|ultra rare|2
Ice Saber|toys|legendary|0.95
Santa Throne|toys|legendary|0.4
Homeing Rocket|toys|ultra rare|0.95
Dandelion Propeller|toys|ultra rare|0.6
Creator Rattle (Bethink)|toys|uncommon|1
Creator Rattle (NewFissy)|toys|uncommon|1
Zombie Buffalo Plush|toys|uncommon|1.5
Panda Pal|toys|uncommon|3.5
Phoenix Plush|toys|ultra rare|2
Celebration Firework Launcher|toys|ultra rare|0.9
Cherry Blossom Hang Glider|toys|legendary|5
Golden Goblet|toys|legendary|1.5
Heart Balloon|toys|common|0.8
Marsh Plush|toys|common|0.55
Heart Rattle|toys|common|2.5
Llama Plush|toys|common|0.75
Pumpkin Rattle|toys|common|1.75
Dance Arcade Stand|toys|ultra rare|1.5
Rainbow Wand|toys|uncommon|0.75
Witches Wand|toys|uncommon|1.75
Puppy Plush|toys|common|0.65
Skull Drum|toys|ultra rare|0.75
Easter Bunny Plush|toys|rare|0.6
Bunny Plush|toys|uncommon|0.65
Anna Rattle|toys|uncommon|0.65
Elephant Plush|toys|common|0.55
Horse Plush|toys|common|0.65
Polar Bear Plush|toys|common|0.45
Scarab Crossbow Grappling Hook|toys|legendary|0.5
Whoopee Cushion|toys|legendary|0.9
Snow Cone Stand|toys|ultra rare|0.7
Crossbow Grappling Hook|toys|ultra rare|0.85
Ferris Wheel Propeller|toys|rare|0.85
Chocolate Bunny Balloon|toys|rare|0.5
Jackhammer|toys|rare|0.85
Festive Bells Balloon|toys|rare|0.4
Turkey Plush|toys|uncommon|0.45
Wooden Pogo|toys|uncommon|0.65
Egg Rattle|toys|uncommon|0.5
Balloons|toys|uncommon|0.5
Caticorn Rattle|toys|common|0.45
Heart Plushie|toys|common|0.55
Croc Plush|toys|common|0.45
Creepy Balloon|toys|common|0.6
Compass|toys|legendary|0.75
Money Rattle|toys|ultra rare|0.4
Unicorn Leash|toys|ultra rare|0.6
Balloon|toys|rare|0.4
Fancy Umbrella|toys|rare|0.8
Inflatable Sword|toys|uncommon|0.6
Fancy Balloon|toys|uncommon|0.5
Starpower Wand|toys|uncommon|0.6
Banjo|toys|uncommon|0.8
Axe Rattle|toys|uncommon|0.75
Throwing Pumpkin|toys|uncommon|0.55
Candle|toys|common|0.4
Marshmallow Stand|toys|ultra rare|0.65
Premium Camping Tent|toys|ultra rare|0.3
Football Throw Toy|toys|rare|0.6
Rocket Pogo|toys|rare|0.4
Christmas Cat Rattle|toys|rare|0.45
Chick Plush|toys|rare|0.3
Telescope Pogo|toys|rare|0.3
Squid Plush|toys|common|0.6
Vampire Teeth Grappling Hook|toys|legendary|0.25
Rib Guitar|toys|ultra rare|0.25
Moon Viewing Bench|toys|ultra rare|0.35
Skeleton Pogo Stick|toys|uncommon|0.5
Dragon Balloon|toys|uncommon|0.5
Christmas Doge Rattle|toys|common|0.35
Wing Hang Glider|toys|ultra rare|1.5
Noob Balloon|toys|rare|0.55
Banana Pogo|toys|uncommon|0.4
Ornament Throw Toy|toys|uncommon|0.2
Netzooka|toys|legendary|0.5
Ice Grapple|toys|legendary|0.4
Fall Corn Grappling Hook|toys|legendary|0.2
Discosplosion|toys|ultra rare|0.15
Premium Fire Pit|toys|ultra rare|0.15
Marsh Balloon|toys|rare|0.15
Sunrise Hang Glider|toys|rare|1
Briefcase Ingredient|toys|rare|0.15
Cymbal Ingredient|toys|rare|0.15
Santa Rattle|toys|uncommon|0.15
Carrot Rattle|toys|uncommon|0.3
Sock Chew Toy|toys|common|0.15
Gift Throw Toy|toys|common|0.15
Paint Sealer|toys|legendary|0.1
Cupid's Bow Grappling Hook|toys|ultra rare|0.1
Kangaroo Pogo|toys|rare|0.1
Duck Balloon|toys|rare|0.1
Pirate Plushie|toys|rare|0.1
Sleigh Bell Throw Toy|toys|uncommon|0.1
Elf Rattle|toys|uncommon|0.1
Banana Plush|toys|common|0.1
Elf Plush|toys|common|0.1
Carrot Friend Plushie|toys|common|0.1
Meteor Plush|toys|common|0.1
Reindeer Plush|toys|common|0.1
Strawberry Cakeroll Plush|toys|common|0.1
Snowball Launcher|toys|common|0.1
Gold Star|toys|ultra rare|0.08
Lavender Bundle|toys|uncommon|0.08
Ice Cream Plush|toys|uncommon|0.08
Donut Rattle|toys|uncommon|0.08
Acorn Plushie|toys|common|0.08
Frostclaw Plush|toys|legendary|0.07
Donut Throw Toy|toys|ultra rare|0.8
Griffin Propeller|toys|ultra rare|0.07
Ice Pick Grappling Hook|toys|ultra rare|0.07
Flower Cloud Plush|toys|rare|0.07
Star & Moon Propeller|toys|rare|0.07
Festive Holly Propeller|toys|rare|0.07
Monkey Pogo|toys|rare|0.07
Snowman Rattle|toys|uncommon|0.07
Pumpkin Basket Plushie|toys|uncommon|0.07
Cookie Dough Plush|toys|common|0.07
Bauble Balloon|toys|common|0.07
Sai|toys|rare|0.06
Rolling Pin|toys|rare|0.06
Sleigh Bells Rattle|toys|rare|0.1
Pineapple Plush|toys|ultra rare|0.05
Scroll Ingredient|toys|ultra rare|0.05
Golden Maned Unicorn Rattle|toys|ultra rare|0.05
Galaxy Propeller|toys|ultra rare|0.05
Premium Log Bench|toys|ultra rare|0.05
Wreath Frisbee|toys|rare|0.05
Ice Club Rattle|toys|uncommon|0.07
Christmas Star Frisbee|toys|uncommon|0.05
Flower Frisbee|toys|uncommon|0.05
Eyeball Rattle|toys|uncommon|0.05
Camper's Tent|toys|uncommon|0.05
Camping Tent|toys|uncommon|0.07
Fern Propeller|toys|legendary|0.05
Abyss Propeller|toys|legendary|0.07
Gingerbread Star Propeller|toys|legendary|0.05
Grappling Hook|toys|ultra rare|0.04
Pink Cat Balloon|toys|rare|0.04
Bubblegum Machine Rattle|toys|uncommon|0.04
Water Drop Plush|toys|uncommon|0.005
Snowman Plushie Friend|toys|common|0.025
Bear Head Plush|toys|common|0.025
Santa Leash|toys|common|0.07
Snowflake Plush|toys|common|0.025
Gift Sack Pogo|toys|ultra rare|0.04
Top Hat Flying Disc|toys|ultra rare|0.03
Crown Frisbee|toys|rare|0.035
Donut Frisbee|toys|rare|0.035
Reindeer Leash|toys|rare|0.04
Dimorphodon Fossil|toys|legendary|0.03
Monkey Propeller|toys|ultra rare|0.03
Lunar Lantern|toys|ultra rare|0.03
Camper's Sleeping Bag|toys|uncommon|0.03
Sleeping Bag|toys|uncommon|0.05
Panda Frisbee|toys|uncommon|0.03
Founder's Key Throw Toy|toys|uncommon|0.03
Flower Rattle|toys|common|0.025
Rabbit Rattle|toys|common|0.025
Duck Rattle|toys|common|0.025
Snowman Plush|toys|common|0.025
Teddy Bear|toys|common|0.025
Airplane Propeller|toys|ultra rare|0.02
Angelic Propeller|toys|ultra rare|0.02
Anhk Pogostick|toys|ultra rare|0.02
Astro Ball|toys|ultra rare|0.02
Bumblebee Grappling Hook|toys|ultra rare|0.02
Cactus Balloon|toys|ultra rare|0.02
Candy Skewer|toys|ultra rare|0.02
Carousel Propeller|toys|ultra rare|0.02
Celestial Propeller|toys|ultra rare|0.02
Honey Dipper Rattle|toys|ultra rare|0.02
Kazoo|toys|ultra rare|0.03
Light Spinner Throw Toy|toys|ultra rare|0.02
Lime Slice Propeller|toys|ultra rare|0.02
Magic Staff Light|toys|ultra rare|0.02
Midnight Dragon Kite|toys|ultra rare|0.02
Mushroom Pogo|toys|ultra rare|0.02
Nature's Crossbow|toys|ultra rare|0.02
Paintbrush Leash|toys|ultra rare|0.02
Paper Plane Launcher Grappling Hook|toys|ultra rare|0.02
Pinwheel Propeller|toys|ultra rare|0.02
Pluboneium Chew Toy|toys|ultra rare|0.02
Plunger Grappling Hook|toys|ultra rare|0.02
Rainbow Dragon Kite|toys|ultra rare|0.02
Recycled Banjo|toys|ultra rare|0.02
Saturn Balloon|toys|ultra rare|0.02
Diamond Pickaxe|toys|ultra rare|0.02
Dice Throw Toy|toys|ultra rare|0.02
Shuttle Pogo|toys|ultra rare|0.02
Ski Pole Pogo|toys|ultra rare|0.02
Snow Balloon|toys|ultra rare|0.02
Snowflake Propeller|toys|ultra rare|0.02
Sprinkler Propeller|toys|ultra rare|0.02
Sprout Pogo Stick|toys|ultra rare|0.02
Standard Grappling Hook|toys|ultra rare|0.02
Strawberry Sandwich Chew Toy|toys|ultra rare|0.02
Strawberry Toast Flying Disc|toys|ultra rare|0.02
Thor's Grappling Hammer|toys|ultra rare|0.02
Top Hat Frisbee|toys|ultra rare|0.02
Spider Grappling Hook|toys|ultra rare|0.02
Firecrackers|toys|ultra rare|0.02
Grapplenana|toys|ultra rare|0.02
Toy Sword|toys|ultra rare|0.02
Vampire Chew Toy|toys|ultra rare|0.02
Witch Claw Grapple|toys|ultra rare|0.02
Drone Balloon|toys|ultra rare|0.02
Drooping Orchid Propeller|toys|ultra rare|0.02
Fire Ring Propeller|toys|ultra rare|0.02
Futuristic Grapple|toys|ultra rare|0.02
Futuristic Turbine Propeller|toys|ultra rare|0.02
Elasmosaurus Fossil|toys|ultra rare|0.015
Didgeridoo|toys|rare|0.015
Toy Handcuffs|toys|rare|0.015
Rope Chew Toy|toys|rare|0.015
Dog Leash|toys|rare|0.015
Angelic Grappling Hook|toys|rare|0.01
Banana Tree Pogo Stick|toys|rare|0.01
Bat Key Pogo Stick|toys|rare|0.01
Bauble Throw Toy|toys|rare|0.01
Blossom Propeller|toys|rare|0.01
Bone Xylophone|toys|rare|0.01
Book of Binding Leash|toys|rare|0.01
Bouncy Ball Pogo|toys|rare|0.01
Bumblebee Pogo Stick|toys|rare|0.01
Bunny Balloon|toys|rare|0.01
Cactus Grappling Hook|toys|rare|0.01
Camper's Guitar|toys|rare|0.01
Carrot Pogo Stick|toys|rare|0.01
Celestial Balloon|toys|rare|0.01
Chattering Teeth Grappling Hook|toys|rare|0.01
Clouds & Rainbow Rattle|toys|rare|0.01
Cork Gun Grapple|toys|rare|0.01
Crown Flying Disc|toys|rare|0.01
Daltokki Kite|toys|rare|0.01
Da Vinci Propeller|toys|rare|0.01
Desert Drum|toys|rare|0.01
Donut Flying Disc|toys|rare|0.01
Easter Chick Rattle|toys|rare|0.01
Eclipse Flying Disc|toys|rare|0.01
Energy Ball Throw Toy|toys|rare|0.01
Fall Rains Balloon|toys|rare|0.01
Fanghorn Kite|toys|rare|0.01
Festive Pogo|toys|rare|0.01
Filipino Fan Throw Toy|toys|rare|0.01
Finger Piano|toys|rare|0.01
Fishing Tackle Grappling Hook|toys|rare|0.01
Flame Sword|toys|rare|0.01
Flying Clock|toys|rare|0.01
Fossil|toys|rare|0.01
Frostbite Grapple|toys|rare|0.01
Ghost Finder Rattle|toys|rare|0.01
Gift Stack Pogo Stick|toys|rare|0.01
Gingerbread Stocking Toy|toys|rare|0.01
Gingerbread Wreath Flying Disc|toys|rare|0.01
Grim Scythe|toys|rare|0.01
Halloween Orange Pumpkin Voodoo Doll|toys|rare|0.01
Halloween Wooden Scythe Grappling Hook|toys|rare|0.01
Hang Glider Balloon|toys|rare|0.01
Harp Grappling Hook|toys|rare|0.01
Ice Pogo Stick|toys|rare|0.01
Ice Wand|toys|rare|0.01
Icicle Pogo Stick|toys|rare|0.01
Jack-O-Lantern Light|toys|rare|0.01
Jegi Throw Toy|toys|rare|0.01
Kite Balloon|toys|rare|0.01
Love Perfume|toys|rare|0.01
Lucky Coin Flying Disc|toys|rare|0.01
Lunar New Year Leash|toys|rare|0.01
Lunar New Year Teapot Leash|toys|rare|0.01
Lunar Pogo|toys|rare|0.01
Magical Princess Leash|toys|rare|0.01
Magic Girl Grappling Hook|toys|rare|0.01
Magician's Wand Grappling Hook|toys|rare|0.01
Magic Wand Grappling Hook|toys|rare|0.01
Mermaid Propeller|toys|rare|0.01
Pellet Drum Rattle|toys|rare|0.01
Pizza Float|toys|rare|0.01
Potato Chew Toy|toys|rare|0.01
Propeller|toys|rare|0.01
Rainbow Sword|toys|rare|0.01
Rainbow Leash|toys|rare|0.01
RGB Phone Throw Toy|toys|rare|0.01
RGB Propeller|toys|rare|0.01
Ring of Fire Throwing Disc|toys|rare|0.01
Popcorn Plush|toys|rare|0.01
Sushi Plushie|toys|rare|0.01
Ankylosaurus Fossil|toys|rare|0.004
Rose Pogo|toys|rare|0.01
Rubber Chicken Rattle|toys|rare|0.01
Sandcastle Rattle|toys|rare|0.01
Ship's Mast Pogo|toys|rare|0.01
Ship Wheel Flying Disc|toys|rare|0.01
Shooting Star Grappling Hook|toys|rare|0.01
Skull Propeller|toys|rare|0.01
Snowflake Frisbee|toys|rare|0.01
Space Grappling Hook|toys|rare|0.01
Spellbook Throw Toy|toys|rare|0.01
Spinning Propeller|toys|rare|0.01
Squirty Flower|toys|rare|0.01
Star Ball|toys|rare|0.01
Strawberry Teapot Leash|toys|rare|0.01
Tundra Violin|toys|rare|0.01
Wallet Chew Toy|toys|rare|0.01
Water Soaker Grappling Hook|toys|rare|0.01
Whip Grappling Hook|toys|rare|0.01
Winter Lantern|toys|rare|0.01
Wishing Star|toys|rare|0.01
Witch Propeller|toys|rare|0.01
Wreath Flying Disc|toys|rare|0.05
Yule Log Pogo Stick|toys|rare|0.01
Amber Bone|toys|uncommon|0.004
Ammonite Flying Disc|toys|uncommon|0.004
Anchor Balloon|toys|uncommon|0.004
Antler Chew Toy|toys|uncommon|0.005
Armchair Float|toys|uncommon|0.004
Basic Pickaxe|toys|uncommon|0.005
Bat Wing Balloon|toys|uncommon|0.004
Bench|toys|uncommon|0.005
Big Log Throw Toy|toys|uncommon|0.005
Bone Throw Toy|toys|uncommon|0.005
Bongos|toys|uncommon|0.005
Boomerang Throw Toy|toys|uncommon|0.004
Bubble Wand|toys|uncommon|0.004
Burger Balloon|toys|uncommon|0.004
Burger Plushie|toys|uncommon|0.004
Cactus Friend Plushie|toys|uncommon|0.004
Carrot Lamb Plush|toys|uncommon|0.004
Camera|toys|uncommon|0.04
Camper's Bench|toys|uncommon|0.005
Camper's Bongos|toys|uncommon|0.005
Camper's Flashlight|toys|uncommon|0.005
Camper's Sparkler|toys|uncommon|0.005
Candy Cane Chew Toy|toys|uncommon|0.004
Candy Cane Grappling Hook|toys|uncommon|0.004
Gingerbread Heart Flying Disc|toys|uncommon|0.004
Gingerbread Face Flying Disc|toys|uncommon|0.004
Candy Cane Pogo Stick|toys|uncommon|0.004
CD Throwing Disc|toys|uncommon|0.004
Chainsaw Rattle|toys|uncommon|0.004
Chair Swing Propeller|toys|uncommon|0.004
Chattering Teeth Toy|toys|uncommon|0.004
Christmas Star Flying Disc|toys|uncommon|0.07
Circus Tent Propeller|toys|uncommon|0.004
Clown Umbrella|toys|uncommon|0.004
Controller Balloon|toys|uncommon|0.004
Cookie Flying Disc|toys|uncommon|0.004
Cool Flying Disc|toys|uncommon|0.004
Cool Frisbee|toys|uncommon|0.005
Crook Throw Toy|toys|uncommon|0.004
Crystal Ball Rattle|toys|uncommon|0.005
Daisy Flying Disc|toys|uncommon|0.004
Diamond Fanghorn Kite|toys|uncommon|0.004
Disco Ball Balloon|toys|uncommon|0.004
Drone Propeller|toys|uncommon|0.004
Eclipse Balloon|toys|uncommon|0.004
Fan Flying Disc|toys|uncommon|0.004
Fan Propeller|toys|uncommon|0.004
Festive Snow Globe Rattle|toys|uncommon|0.004
Festive Tree Throwing Disc|toys|uncommon|0.004
Flame Balloon|toys|uncommon|0.004
Flashlight|toys|uncommon|0.005
Flip Phone Toy|toys|uncommon|0.004
Flower Flying Disc|toys|uncommon|0.004
Flower Mirror Chew Toy|toys|uncommon|0.004
Flying Disc|toys|uncommon|0.004
Flying Saucer Disc|toys|uncommon|0.004
Fortune Wheel Flying Disc|toys|uncommon|0.004
Frisbee|toys|uncommon|0.005
Fun Flying Disc|toys|uncommon|0.004
Fun Frisbee|toys|uncommon|0.005
Gingerbread Bear Balloon|toys|uncommon|0.004
Gingerbread Holly Flying Disc|toys|uncommon|0.004
Gingerbread Kitty Throw Toy|toys|uncommon|0.004
Glyptoball|toys|uncommon|0.005
Hairbrush Chew Toy|toys|uncommon|0.004
Halloween Black Bat Propeller|toys|uncommon|0.004
Halloween White Ghost Balloon|toys|uncommon|0.004
Holiday Breadstick Chew Toy|toys|uncommon|0.004
Hypnotic Flying Disc|toys|uncommon|0.004
Hypnotic Frisbee|toys|uncommon|0.005
Icing Bag Leash|toys|uncommon|0.004
Illusionary Throw Hat|toys|uncommon|0.004
Iron Pickaxe|toys|uncommon|0.005
Jack O'Bounce Pogo Stick|toys|uncommon|0.004
Key Chew Toy|toys|uncommon|0.004
Kitty Rattle|toys|uncommon|0.004
Lasso Propeller|toys|uncommon|0.004
Leash|toys|uncommon|0.004
Lemonade Chew Toy|toys|uncommon|0.004
Llama Rattle|toys|uncommon|0.004
Lunar Moon Throw Toy|toys|uncommon|0.004
Lunar New Year Lantern|toys|uncommon|0.004
Lunar Rattle|toys|uncommon|0.005
Magical Princess Chew Toy|toys|uncommon|0.004
Magma Throwing Disc|toys|uncommon|0.004
Medieval Grapple|toys|uncommon|0.004
Mermaid Float|toys|uncommon|0.004
Mermaid Rattle|toys|uncommon|0.004
Mouse Chew Toy|toys|uncommon|0.004
Mouse Leash|toys|uncommon|0.004
Newspaper Chew Toy|toys|uncommon|0.004
Pancake Throwing Disc|toys|uncommon|0.004
Panda Flying Disc|toys|uncommon|0.03
Paper Plane Throw Toy|toys|uncommon|0.004
Party Mermaid Float|toys|uncommon|0.004
Party Pizza Float|toys|uncommon|0.004
Peanut Balloon|toys|uncommon|0.004
Pickle Elf Chew Toy|toys|uncommon|0.004
Plate of Food Disc|toys|uncommon|0.004
Pride Balloons|toys|uncommon|0.004
Pride Paw Flying Disc|toys|uncommon|0.004
Pride Wand Rattle|toys|uncommon|0.004
Princess Rattle|toys|uncommon|0.004
Protein Bottle Rattle|toys|uncommon|0.004
Rainbow Cake Chew Toy|toys|uncommon|0.004
Rainbow Popsicle Friend|toys|uncommon|0.004
Ray Gun Leash|toys|uncommon|0.004
Red Panda Cupcake Chew Toy|toys|uncommon|0.004
Reindeer Rattle|toys|uncommon|0.004
RBG Leash|toys|uncommon|0.005
Rice Cake Rabbit Kite|toys|uncommon|0.004
Robo Balloon|toys|uncommon|0.004
Rocket Grappling Hook|toys|uncommon|0.004
Rose Throw Toy|toys|uncommon|0.004
Rubber Dog Balloon|toys|uncommon|0.004
Satellite Balloon|toys|uncommon|0.004
Snowflake Throwing Disc|toys|uncommon|0.004
Sparkler|toys|uncommon|0.005
Spinning Top Flying Disc|toys|uncommon|0.004
Spirit Chew Toy|toys|uncommon|0.004
Spring Bunny Leash|toys|uncommon|0.004
Squeaky Spikey|toys|uncommon|0.004
Cookie Frisbee|toys|uncommon|0.005
Squid Rattle|toys|uncommon|0.05
Stable Token|toys|uncommon|0.001
Steel Drum|toys|uncommon|0.004
Strawberry Cake Roll Flying Disc|toys|uncommon|0.004
Strawberry Jam Rattle|toys|uncommon|0.004
Strawberry Kitty Throw Toy|toys|uncommon|0.004
Sunshine Token|toys|uncommon|0.001
Taiyaki Chew Toy|toys|uncommon|0.004
Tangerine Chew Toy|toys|uncommon|0.004
Tape Measure Leash|toys|uncommon|0.004
Tennis Ball|toys|uncommon|0.004
Tennis Racket Toy|toys|uncommon|0.004
Toy Drum Flying Disc|toys|uncommon|0.004
Trumpet|toys|uncommon|0.004
Umbrella Propeller|toys|uncommon|0.004
Unicorn Rattle|toys|uncommon|0.03
Vampire Skull Rattle|toys|uncommon|0.004
Velociraptor Fossil|toys|uncommon|0.002
Viking Shield Throw Toy|toys|uncommon|0.004
Water Pail Leash|toys|uncommon|0.004
Wooden Sword|toys|uncommon|0.004
Xmas Carousel Propeller|toys|uncommon|0.004
Mushroom Friend Plushie|toys|common|0.003
Succulent Plush|toys|common|0.003
Octopus Plush|toys|uncommon|0.005
Floppy Bunny Plushie|toys|common|0.003
Robo Plush 3000|toys|common|0.003
Red Pogostick|toys|common|0.002
Orange Pogostick|toys|common|0.002
Yellow Pogostick|toys|common|0.002
Green Pogostick|toys|common|0.002
Blue Pogostick|toys|common|0.002
Light Blue Pogostick|toys|common|0.002
Violet Pogostick|toys|common|0.002
Pink Pogostick|toys|common|0.002
White Pogostick|toys|common|0.002
Brown Pogostick|toys|common|0.002
Black Pogostick|toys|common|0.002
Angelic Pogostick|toys|common|0.002
Anvil Balloon|toys|common|0.002
Balloon Pogostick|toys|common|0.002
Banana Chew Toy|toys|common|0.002
Banana Rattle|toys|common|0.002
Bandage Propeller|toys|common|0.002
Baseball Toy|toys|common|0.002
Big Mushroom|toys|common|0.002
Black Fern|toys|common|0.002
Bouquet Chew Toy|toys|common|0.002
Brachiosaurus Fossil|toys|common|0.001
Bunting Leash|toys|common|0.002
Captain's Wheel Throw Toy|toys|common|0.002
Cactus Plushie Chew Toy|toys|common|0.002
Carrot Bushel|toys|common|0.002
Celestial Leash|toys|common|0.002
Cherry Balloon|toys|common|0.002
Cinnamon Stick|toys|common|0.002
Claw|toys|common|0.002
Clover Balloon|toys|common|0.002
Copper Pickaxe|toys|common|0.002
Crow's Nest Balloon|toys|common|0.002
Doge Rattle|toys|common|0.025
Dog Food Flying Disc|toys|common|0.002
Dog Food Frisbee|toys|common|0.002
Dumbbell|toys|common|0.002
Fairground Pogo|toys|common|0.002
Fairy Rose Light Rattle|toys|common|0.002
Figgy Pudding Chew Toy|toys|common|0.002
Flame Grappling Hook|toys|common|0.002
Flame Pogostick|toys|common|0.002
Flipflop Throw Toy|toys|common|0.002
Floatie Raft|toys|common|0.002
Floaties|toys|common|0.002
Flying Disc Umbrella|toys|common|0.002
Frisbee Umbrella|toys|common|0.002
Frozen Balloon|toys|common|0.002
Full Moon Flying Disc|toys|common|0.002
Galaxy Flying Disc|toys|common|0.002
Gingerbread Balloon|toys|common|0.002
Gingerbread House Throw Toy|toys|common|0.002
Gingerbread Leash|toys|common|0.002
Gingerbread Pogo Stick|toys|common|0.002
Gingerbread Rattle|toys|common|0.002
Half Glow Mushroom|toys|common|0.002
Halloween Orange Pumpkin Balloon|toys|common|0.002
Halloween Orange Pumpkin Flying Disc|toys|common|0.002
Happy Tooth Chew Toy|toys|common|0.002
Heart Throwing Disc|toys|common|0.002
Huggable Pillow|toys|common|0.002
Ice Cream Rattle|toys|common|0.025
Ice Cube Throw Toy|toys|common|0.002
Icicle Throw Toy|toys|common|0.002
Inner Tube|toys|common|0.002
Lazy Float|toys|common|0.002
Lead Zeppelin Balloon|toys|common|0.002
Leek Chew Toy|toys|common|0.002
Lilypad Flying Disc|toys|common|0.002
Long Neck Chew Toy|toys|common|0.002
Long Neck Throw Toy|toys|common|0.002
Love Envelope Balloon|toys|common|0.002
Magic Scroll Chew Toy|toys|common|0.002
Meaty Chew Toy|toys|common|0.002
Mech Flying Disc|toys|common|0.002
Minigame Pickaxe|toys|common|0.002
Mushroom Flying Disc|toys|common|0.002
Musical Conch|toys|common|0.002
Olympian Rattle|toys|common|0.002
Ornament Balloon|toys|common|0.002
Paddle Ball Rattle|toys|common|0.002
Chew Ball|toys|common|0.002
Sunflower Rattle|toys|common|0.025
Rubber Bone Throw Toy|toys|common|0.002
Paper Towel Chew Toy|toys|common|0.002
Party Innertube|toys|common|0.002
Party Pool Noodle|toys|common|0.002
Peanut Friend Chewtoy|toys|common|0.002
Peppermint Disc|toys|common|0.025
Pink Bowling Ball|toys|common|0.002
Pizza Throwing Disc|toys|common|0.002
Placeable Snowperson|toys|common|0.002
Pogo Stick|toys|common|0.002
Poinsettia Leash|toys|common|0.002
Pool Noodle|toys|common|0.002
Potion Bottle Balloon|toys|common|0.002
Rain Stick|toys|common|0.002
Raw Bone|toys|common|0.002
RGB Friend|toys|common|0.002
RGB Sword Rattle|toys|common|0.002
Robo Plush|toys|common|0.002
Seal Pogo|toys|common|0.002
Selfie Stick|toys|common|0.003
Shoe Chew Toy|toys|common|0.002
Small Mushroom|toys|common|0.002
Soccer Ball Throw Toy|toys|common|0.002
Soda Chew Toy|toys|common|0.002
Spider Web Flying Disc|toys|common|0.002
Squeaky Bone|toys|common|0.002
Standard Pogo|toys|common|0.002
Star Balloon|toys|common|0.002
Star Throwing Disc|toys|common|0.002
Stegosaurus Chew Toy|toys|common|0.002
Stegosaurus Throw Toy|toys|common|0.002
Stick Throw Toy|toys|common|0.002
Strawberry Pogo Stick|toys|common|0.002
Strawberry Rattle|toys|common|0.002
Sun Balloon|toys|common|0.002
Tall Glow Mushroom|toys|common|0.002
Tall Mushroom|toys|common|0.002
Tree Plush|toys|common|0.002
T-Rex Chew Toy|toys|common|0.002
T-Rex Rattle|toys|common|0.002
T-Rex Throw Toy|toys|common|0.002
Tripod Camera|toys|common|0.003
Turkey Leg|toys|common|0.002
Venus Fly Trap Rattle|toys|common|0.002
Voting Paddle|toys|common|0.002
Water Wings|toys|common|0.002
White Fern|toys|common|0.002
Winged Flying Disc|toys|common|0.002
Wooden Spoon Toy|toys|common|0.002
Wrapping Paper Throw Toy|toys|common|0.002
Xmas Tree Rattle|toys|common|0.002
Yule Log Chew Toy|toys|common|0.002
Zombie Finger Rattle|toys|common|0.002
Rattle|toys|common|0.002
RGB Leash|toys|uncommon|0.004
Halloween Black Victorian Candlestick Rattle|toys|uncommon|0.005
Ukulele|toys|legendary|0.4
Pegleg Pogostick|toys|rare|0.05
Snowflake Flying Disc|toys|rare|0.01
Candy Flare Mega Neon Pet Paint|toys|ultra rare|0.7
Electric Tide Mega Neon Pet Paint|toys|ultra rare|0.7
Velvet Fuschia Mega Neon Pet Paint|toys|ultra rare|0.7
Tropical Surge Mega Neon Pet Paint|toys|ultra rare|0.7
Amethyst Skies Mega Neon Pet Paint|toys|ultra rare|0.7
Rose Quartz Glow Mega Neon Pet Paint|toys|ultra rare|0.7
Slimingo Feather Teleporter|toys|legendary|0.7
Skeleton Wing Glider|toys|legendary|0.7
Sour Glider|toys|ultra rare|0.4
Skeleton Winged Glider|toys|legendary|2
Halloween Slime Mega Neon Paint|toys|legendary|1.1
Frosty Glow Mega Neon Paint|toys|legendary|1.05
CandyFloss Mega Neon Paint|toys|legendary|0.8
Candihorn Instrument|toys|ultra rare|0.03
Cursed Skull Balloon|toys|ultra rare|0.02
Kitty Propeller|toys|ultra rare|0.02
Chandelier Pogo Stick|toys|ultra rare|0.02
Trident Throw Toy|toys|ultra rare|0.02
Wooden Pan Flute|toys|ultra rare|0.02
Accordion|toys|ultra rare|0.02
Noob Doll DIY Chew Toy|toys|ultra rare|0.02
Magic Girl Tennis Racket|toys|ultra rare|0.02
Frog In A Pitcher Leash|toys|ultra rare|0.02
Shadow Dragon Sabre|toys|ultra rare|0.02
Psionic Magic Grappling Hook|toys|ultra rare|0.02
Priceless Jewel|toys|ultra rare|0.02
Pink Lemonade Chew Toy|toys|ultra rare|0.02
Jellybean Grappling Hook|toys|rare|0.1
Keyboard Leash|toys|rare|0.1
Cherub Staff Throw Toy|toys|rare|0.1
Worm Farm Grappling Hook|toys|rare|0.1
Avocado Robinado Plush|toys|rare|0.1
Cookie Plate Propeller|toys|rare|0.1
Chakram Flying Disk|toys|rare|0.1
Anchor Propeller|toys|rare|0.1
Pirate Cutlass|toys|rare|0.1
Treasure Key|toys|rare|0.1
Cookie Sabre|toys|rare|0.1
Jelly Propeller|toys|rare|0.1
Dandelion Plush|toys|rare|0.1
Bird Feeder Pogo|toys|uncommon|0.004
Cinnamon Swirl Propeller|toys|uncommon|0.004
Bacon And Eggs Throw Toy|toys|uncommon|0.004
Crab Apple Friend|toys|uncommon|0.004
Hook Hand Grappling Hood|toys|uncommon|0.004
Hand Cannon Leash|toys|uncommon|0.004
2D Pencil Rattle|toys|uncommon|0.004
Golden Scale Pogo Stick|toys|uncommon|0.004
Flatfish Throwing Disc|toys|uncommon|0.004
Eggy Plush|toys|uncommon|0.004
Boba Tea Chew Toy|toys|uncommon|0.004
Giggle Puff Balloon|toys|uncommon|0.004
Star Topper Plush|toys|uncommon|0.004
Golden Rings Flying Disc|toys|uncommon|0.004
2D Bone Chew Toy|toys|uncommon|0.004
Vine Leash|toys|common|0.002
Googly Eye Conker Plush|toys|common|0.002
Ice Cream Sandwich Rattle|toys|common|0.002
Fish on a Stick Chew Toy|toys|common|0.002
Wrench Chew Toy|toys|common|0.002
Badly Wrapped Toy Sword|toys|common|0.002
Twisty Marshmallow Chew Toy|toys|common|0.002
Noodle Cup Throw Toy|toys|common|0.002
Ladybug Plush|toys|common|0.002
Treble Clef Pogo Stick|toys|common|0.002
Rose Rattle|toys|common|0.002
Unpoppable Bubble|toys|common|0.002
Crow's Nest Propeller|toys|common|0.002
Candy Flare Mega Neon Paint|toys|ultra rare|0.7
Electric Tide Mega Neon Paint|toys|ultra rare|0.7
Velvet Fuschia Mega Neon Paint|toys|ultra rare|0.7
Tropical Surge Mega Neon Paint|toys|ultra rare|0.7
Amethyst Skies Mega Neon Paint|toys|ultra rare|0.7
Rose Quartz Glow Mega Neon Paint|toys|ultra rare|0.7
Chakram Flying Disc|toys|rare|0.1
Hook Hand Grappling Hook|toys|uncommon|0.004
Yarn Apple|toys|ultra rare|0.03
Mistletroll Friend Plush|toys|rare|0.01
Holly Leash|toys|common|0.002
Pride Flag|toys|uncommon|0.005
Ace Flag|toys|uncommon|0.005
Agender Flag|toys|uncommon|0.005
Aromantic Flag|toys|uncommon|0.005
Bi Flag|toys|uncommon|0.005
Demi Flag|toys|uncommon|0.005
Enby Flag|toys|uncommon|0.005
Gay Flag|toys|uncommon|0.005
Gay Man Flag|toys|uncommon|0.005
Gender Fluid Flag|toys|uncommon|0.005
Gender Queer Flag|toys|uncommon|0.005
Intersex Flag|toys|uncommon|0.005
Lesbian Flag|toys|uncommon|0.005
Omnisex Flag|toys|uncommon|0.005
Pan Flag|toys|uncommon|0.005
Transgender Flag|toys|uncommon|0.005
Campfire Stories Mega Neon Paint|toys|legendary|0.95
Bat Dragon Cuddle Animated Sticker|stickers|legendary|24
Shadow Dragon Animated Sticker|stickers|legendary|1.5
Tree Decorating Animated Sticker|stickers|legendary|1.25
Seagull Yell Animated Sticker|stickers|legendary|19
Blazing Lion Animated Sticker|stickers|legendary|5.5
Dragon Breath Animated Sticker|stickers|legendary|2
Mochi Meow Tumble Animated Sticker|stickers|legendary|1.25
Mermicorn Animated Sticker|stickers|legendary|1.5
Frostclaw Animated Sticker|stickers|legendary|1.25
Super Saru Animated Sticker|stickers|legendary|1.5
Jekyll Hydra Animated Sticker|stickers|legendary|2.5
Frostbite Bear and Cub Animated Sticker|stickers|legendary|1.25
Strawberry Shortcake Bat Dragon Sticker|stickers|legendary|0.95
Bat Dragon Sticker|stickers|legendary|0.8
Wet Owl Sticker|stickers|legendary|0.95
Pretty Please Snowball Sticker|stickers|legendary|1
Hamster Selfie Sticker|stickers|legendary|0.9
Squished Red Pandorama Sticker|stickers|legendary|0.9
Dinner Discourse Cat Sticker|stickers|legendary|0.9
Parrot Sticker|stickers|legendary|0.5
Balloon Unicorn Sticker|stickers|legendary|0.45
Phoenix Sticker|stickers|legendary|0.4
Winged Horse Sticker|stickers|legendary|0.4
Space Whale Sticker|stickers|legendary|0.4
Kitsune Sticker|stickers|legendary|0.4
Peppermint Penguin Sticker|stickers|legendary|0.1
Evil Unicorn Sticker|stickers|legendary|0.1
Dimorphodon Sticker|stickers|legendary|0.07
T-Rex Sticker|stickers|legendary|0.07
Dodo Sticker|stickers|legendary|0.07
Shark Sticker|stickers|legendary|0.06
Octopus Sticker|stickers|legendary|0.06
Kraken Sticker|stickers|legendary|0.06
Nautilus Sticker|stickers|legendary|0.06
Candicorn Sticker|stickers|legendary|0.05
Gumball Caterpillar Sticker|stickers|legendary|0.05
Santa Pet Rock Sticker|stickers|legendary|0.06
Toasty Red Panda Sticker|stickers|legendary|0.06
Flaming Fox Sticker|stickers|legendary|0.06
Majestic Pony Sticker|stickers|legendary|0.06
Lava Dragon Sticker|stickers|legendary|0.05
Priceless Shrimp Sticker|stickers|legendary|0.05
Kelp Captain Sticker|stickers|legendary|0.05
Coconut Friend Sticker|stickers|legendary|0.05
Pirate Dog Sticker|stickers|legendary|0.05
Cocoadile Sticker|stickers|legendary|0.05
Skele-Rex Sticker|stickers|legendary|0.05
Phantom Dragon Sticker|stickers|legendary|0.05
Christmas Dog Sticker|stickers|legendary|0.05
Sledding Penguin Sticker|stickers|legendary|0.05
Arctic Dusk Dragon Sticker|stickers|legendary|0.05
Sunrise Duckling Sticker|stickers|legendary|0.05
Leviathan Sticker|stickers|legendary|0.05
Blue Betta Fish Sticker|stickers|legendary|0.05
Grim Dragon Sticker|stickers|legendary|0.05
Jousting Horse Sticker|stickers|legendary|0.05
Scarebear Sticker|stickers|legendary|0.05
Unicorn Sticker|stickers|legendary|0.05
Volcanic Rhino Sticker|stickers|legendary|0.05
Scorching Kaijunior Sticker|stickers|legendary|0.05
Auroa Fox Sticker|stickers|legendary|0.05
Candyfloss Chick Sticker|stickers|legendary|0.05
Fairy Bat Dragon Sticker|stickers|legendary|0.05
Kappakid Sticker|stickers|legendary|0.05
Naughty Mistletroll Sticker|stickers|legendary|0.05
Sakura Spirit Sticker|stickers|legendary|0.05
Squid Sticker|stickers|legendary|0.035
Diamond Ladybug Sticker|stickers|legendary|0.035
Dragon Sticker|stickers|legendary|0.035
Queen Bee Sticker|stickers|legendary|0.035
Cabbit Sticker|stickers|ultra rare|0.035
Hot Doggo Sticker|stickers|ultra rare|0.035
Goose Sticker|stickers|ultra rare|0.035
Border Collie Sticker|stickers|ultra rare|0.035
Hare Sticker|stickers|ultra rare|0.035
Lavender Dragon Sticker|stickers|ultra rare|0.035
Puffin Sticker|stickers|ultra rare|0.035
Goldhorn Sticker|stickers|ultra rare|0.035
Gold Penguin Sticker|stickers|ultra rare|0.035
Capricorn Sticker|stickers|ultra rare|0.035
Chameleon Sticker|stickers|ultra rare|0.035
Axolotl Sticker|stickers|ultra rare|0.035
Wishing Well Sticker|stickers|ultra rare|0.02
African Painted Dog Sticker|stickers|rare|0.025
Mini Pig Sticker|stickers|rare|0.025
Pudding Cat Sticker|stickers|rare|0.015
Yule Log Dog Sticker|stickers|rare|0.015
Starfish Sticker|stickers|rare|0.015
Pelican Sticker|stickers|rare|0.025
Chick Sticker|stickers|rare|0.015
Orange Butterfly Sticker|stickers|rare|0.015
Ram Sticker|stickers|rare|0.015
Santa Sticker|stickers|rare|0.015
NYE 2026 Sticker|stickers|rare|0.015
Many Mackerel Sticker|stickers|uncommon|0.01
Spider Web Sticker|stickers|common|0.005
Campfire Cookies Bait Sticker|stickers|common|0.005
Egg Basket Sticker|stickers|common|0.005
Cherry Blossom Flower Sticker|stickers|common|0.005
Cherry Blossom Tree Sticker|stickers|common|0.005
Cozy Cactus Friend|stickers|ultra rare|0.01
Hammerhead Shark Sticker|stickers|ultra rare|0.01
Kelp Hunter Sticker|stickers|ultra rare|0.01
Seabed Creeper Sticker|stickers|ultra rare|0.01
Seaslug Sticker|stickers|ultra rare|0.01
Cerberus Sticker|stickers|ultra rare|0.01
Ghost Dog Sticker|stickers|ultra rare|0.01
Kitty Bat Sticker|stickers|ultra rare|0.01
Christmas Spirit Sticker|stickers|ultra rare|0.01
Christmas Pudding Pup Sticker|stickers|ultra rare|0.01
Toasty Dreams Sticker|stickers|ultra rare|0.01
Vanilla Penguin Sticker|stickers|ultra rare|0.01
Waffle Wyrm Sticker|stickers|ultra rare|0.01
Bauble Bubble Sticker|stickers|ultra rare|0.01
Bee Sticker|stickers|ultra rare|0.01
Clownfish Sticker|stickers|ultra rare|0.01
Corn Doggo Sticker|stickers|ultra rare|0.01
Cow Sticker|stickers|ultra rare|0.01
Dalmatian Sticker|stickers|ultra rare|0.01
Deinoychus Sticker|stickers|ultra rare|0.01
Elasmosaurus Sticker|stickers|ultra rare|0.01
Elephant Sticker|stickers|ultra rare|0.01
Fallow Deer Sticker|stickers|ultra rare|0.01
Flamingo Sticker|stickers|ultra rare|0.01
Ghost Sticker|stickers|ultra rare|0.01
Gingerbread Hare Sticker|stickers|ultra rare|0.01
Indian Flying Fox Sticker|stickers|ultra rare|0.01
Jellyfish Sticker|stickers|ultra rare|0.01
Kage Crow Sticker|stickers|ultra rare|0.01
Ladybug Sticker|stickers|ultra rare|0.01
LionFish Sticker|stickers|ultra rare|0.01
Magma Moose Sticker|stickers|ultra rare|0.01
Merry Mistletroll Sticker|stickers|ultra rare|0.01
Mirai Moth Sticker|stickers|ultra rare|0.01
Panda Sticker|stickers|ultra rare|0.01
Penguin Sticker|stickers|ultra rare|0.01
Pink Betta Fish Sticker|stickers|ultra rare|0.01
Pirate Hermit Crab Sticker|stickers|ultra rare|0.01
Sabertooth Sticker|stickers|ultra rare|0.01
Shark Puppy Sticker|stickers|ultra rare|0.01
Slime Sticker|stickers|ultra rare|0.01
Tortuga de la Isla Sticker|stickers|ultra rare|0.01
Toucan Sticker|stickers|ultra rare|0.01
Toxic Kaijunior Sticker|stickers|ultra rare|0.01
Turtle Sticker|stickers|ultra rare|0.01
Wildfire Hawk Sticker|stickers|ultra rare|0.01
Yeti Sticker|stickers|ultra rare|0.01
Zombie Wolf Sticker|stickers|ultra rare|0.01
Ace Goose Sticker|stickers|rare|0.005
Agender Rat Sticker|stickers|rare|0.005
Ankylosaurus Sticker|stickers|rare|0.005
Aromantic T-Rex Sticker|stickers|rare|0.005
Basilik Sticker|stickers|rare|0.005
Bi Dodo Sticker|stickers|rare|0.005
Burning Bunny Sticker|stickers|rare|0.005
Cow Calf Sticker|stickers|rare|0.005
Demisexual Sticker|stickers|rare|0.005
Diamond Pickaxe Sticker|stickers|rare|0.005
Dilophosaurus Sticker|stickers|rare|0.005
Dotted Eggy Sticker|stickers|rare|0.005
Flaming Zebra Sticker|stickers|rare|0.005
Flower Power Duckling Sticker|stickers|rare|0.005
Gay Snake In A Boot Sticker|stickers|rare|0.005
Gender Fluid Ghost Dog Sticker|stickers|rare|0.005
Genderqueer Seahorse Sticker|stickers|rare|0.005
2025 Bauble Sticker|stickers|rare|0.005
Patchy Bear Sticker|stickers|rare|0.005
Angus Calf Sticker|stickers|rare|0.005
Maine Coon Sticker|stickers|rare|0.005
Field Mouse Sticker|stickers|rare|0.005
Ice Golem Sticker|stickers|rare|0.005
Gingerbread Reindeer Sticker|stickers|rare|0.005
Kelp Raider Sticker|stickers|rare|0.005
Manta Ray Sticker|stickers|rare|0.005
Guitar Sticker|stickers|rare|0.005
Ship Sticker|stickers|rare|0.005
Zombie Chick Sticker|stickers|rare|0.005
The Black Dog Sticker|stickers|rare|0.005
Snow Monkey Sticker|stickers|rare|0.005
Praying Mantis Sticker|stickers|rare|0.005
Moon Rabbit Sticker|stickers|rare|0.005
Happy Duckling Sticker|stickers|rare|0.005
Ghost Bunny Sticker|stickers|rare|0.005
Ginger Cat Sticker|stickers|rare|0.005
Great Pyrenees Sticker|stickers|rare|0.005
Happy Clam Sticker|stickers|rare|0.005
Happy Pride Zebra Sticker|stickers|rare|0.005
Husky Sticker|stickers|rare|0.005
Ice Cream Hermit Crab Sticker|stickers|rare|0.005
Intersex Ringed Octopus Sticker|stickers|rare|0.005
Koala Sticker|stickers|rare|0.005
Lamb Sticker|stickers|rare|0.005
Lesbian Cat-Snake Alliance Sticker|stickers|rare|0.005
Marabou Stork Sticker|stickers|rare|0.005
Mecha R4BBIT Sticker|stickers|rare|0.005
Narwhal Sticker|stickers|rare|0.005
Non-Beenary Sticker|stickers|rare|0.005
Omnisex Peagasus Sticker|stickers|rare|0.005
Orange Betta Fish Sticker|stickers|rare|0.005
Pan Parrot Sticker|stickers|rare|0.005
Partidge Sticker|stickers|rare|0.005
Pet Rock Sticker|stickers|rare|0.005
Pig Sticker|stickers|rare|0.005
Poodle Sticker|stickers|rare|0.005
Pretty Pony Sticker|stickers|rare|0.005
Primal Kaijunior Sticker|stickers|rare|0.005
Pterodactyl Sticker|stickers|rare|0.005
Rare Chest Sticker|stickers|rare|0.005
Red Panda Sticker|stickers|rare|0.005
Sasquatch Sticker|stickers|rare|0.005
Sea Angel Sticker|stickers|rare|0.005
Silly Duck Sticker|stickers|rare|0.005
Trans Glyptodon Barv Sticker|stickers|rare|0.005
Tree Sasquatch Sticker|stickers|rare|0.005
White Sand Dollar Sticker|stickers|rare|0.005
White Skeleton Dog Sticker|stickers|rare|0.005
Winter Doe Sticker|stickers|rare|0.005
Woolly Mammoth Sticker|stickers|rare|0.005
Zebra Sticker|stickers|rare|0.005
Festive Wreath Sticker|stickers|uncommon|0.002
Ice Cube Sticker|stickers|uncommon|0.002
Undead Elk Sticker|stickers|uncommon|0.002
Scarecrow Cat Sticker|stickers|uncommon|0.002
Kelp Crewmate Sticker|stickers|uncommon|0.002
Emperor Shrimp Sticker|stickers|uncommon|0.002
Jewel Sticker|stickers|uncommon|0.002
Drum Sticker|stickers|uncommon|0.002
Lynx Sticker|stickers|uncommon|0.002
Turtle Doves Sticker|stickers|uncommon|0.002
Water Rabbit Sticker|stickers|uncommon|0.002
Gummy Guana Sticker|stickers|uncommon|0.002
2D Kitty Sticker|stickers|uncommon|0.002
Slug Sticker|stickers|uncommon|0.002
Dango Sticker|stickers|uncommon|0.002
Amber Bone Sticker|stickers|uncommon|0.002
Bakeneko Sticker|stickers|uncommon|0.002
Bat Sticker|stickers|uncommon|0.002
Castle Hermit Crab Sticker|stickers|uncommon|0.002
Crab Sticker|stickers|uncommon|0.002
Cute-A-Cabra Sticker|stickers|uncommon|0.002
Dolphin Sticker|stickers|uncommon|0.002
Dracula Fish Sticker|stickers|uncommon|0.002
Fire Dimension Portal Sticker|stickers|uncommon|0.002
Fox Sticker|stickers|uncommon|0.002
Frog Sticker|stickers|uncommon|0.002
Frostbite Bear Sticker|stickers|uncommon|0.002
Frozen Penguin Sticker|stickers|uncommon|0.002
Glyptodon Sticker|stickers|uncommon|0.002
Hang Glider Sticker|stickers|uncommon|0.002
Icy Porcupine Sticker|stickers|uncommon|0.002
Iron Pickaxe Sticker|stickers|uncommon|0.002
Kaijunior Sticker|stickers|uncommon|0.002
Kiwi Sticker|stickers|uncommon|0.002
Koi Sticker|stickers|uncommon|0.002
Lobster Sticker|stickers|uncommon|0.002
Magma Snail Sticker|stickers|uncommon|0.002
Mahi Mahi Sticker|stickers|uncommon|0.002
Nutcracker Squirrel Sticker|stickers|uncommon|0.002
Ocelot Sticker|stickers|uncommon|0.002
Otter Sticker|stickers|uncommon|0.002
Punk Pony Sticker|stickers|uncommon|0.002
Rat Sticker|stickers|uncommon|0.002
Reindeer Sticker|stickers|uncommon|0.002
Rodeo Bull Sticker|stickers|uncommon|0.002
Santa's Throne Sticker|stickers|uncommon|0.002
Scarecrow Sticker|stickers|uncommon|0.002
Seahorse Sticker|stickers|uncommon|0.002
Sea Skeleton Panda Sticker|stickers|uncommon|0.002
Shetland Poiny Dark Brown Sticker|stickers|uncommon|0.002
Shiba Inu Sticker|stickers|uncommon|0.002
Sloth Sticker|stickers|uncommon|0.002
Snow Globe Sticker|stickers|uncommon|0.002
Snow Mammoth Sticker|stickers|uncommon|0.002
Stegosaurus Sticker|stickers|uncommon|0.002
Triceratops Sticker|stickers|uncommon|0.002
Velociraptor Sticker|stickers|uncommon|0.002
Walrus Sticker|stickers|uncommon|0.002
Wood Pigeon Sticker|stickers|uncommon|0.002
Island Tarsier Sticker|stickers|common|0.0015
Cannon Sticker|stickers|common|0.0015
Accordion Sticker|stickers|common|0.0015
Marimba Sticker|stickers|common|0.0015
Aye Aye Sticker|stickers|common|0.0015
Humbug Sticker|stickers|common|0.0015
Festive Stocking Sticker|stickers|common|0.0015
Fairy Lights Sticker|stickers|common|0.0015
Snowflake Sticker|stickers|common|0.0015
Chocolate Sticker|stickers|common|0.0015
Candyfloss Sticker|stickers|common|0.0015
Candy Sticker|stickers|common|0.0015
Lollipop Sticker|stickers|common|0.0015
Arctic Tern Sticker|stickers|common|0.0015
Ash Zebra Sticker|stickers|common|0.0015
Beaver Sticker|stickers|common|0.0015
Blue Dog Sticker|stickers|common|0.0015
Brachiosaurus Sticker|stickers|common|0.0015
Bullfrog Sticker|stickers|common|0.0015
Cat Sticker|stickers|common|0.0015
Chickatrice Sticker|stickers|common|0.0015
Christmas Tree Sticker|stickers|common|0.0015
Cold Tim Sticker|stickers|common|0.0015
Copper Pickaxe Sticker|stickers|common|0.0015
Cranky Coin Sticker|stickers|common|0.0015
Dog Sticker|stickers|common|0.0015
Donkey Sticker|stickers|common|0.0015
Easter Egg Sticker|stickers|common|0.0015
Flying Fish Sticker|stickers|common|0.0015
Frankenfeline Sticker|stickers|common|0.0015
Ground Sloth Sticker|stickers|common|0.0015
Hermit Crab Sticker|stickers|common|0.0015
Ice Dimension Portal Sticker|stickers|common|0.0015
Kid Goat Sticker|stickers|common|0.0015
Leopard Shark Sticker|stickers|common|0.0015
Long Neck Throw Toy Sticker|stickers|common|0.0015
Mouse Sticker|stickers|common|0.0015
Parakeet Sticker|stickers|common|0.0015
Pink Cat Sticker|stickers|common|0.0015
Raccoon Sticker|stickers|common|0.0015
Ratatoskr Sticker|stickers|common|0.0015
Robin Sticker|stickers|common|0.0015
Shiver Wolf Sticker|stickers|common|0.0015
Show Pony Sticker|stickers|common|0.0015
Snowman Sticker|stickers|common|0.0015
Stegosaurus Throw Toy Sticker|stickers|common|0.0015
Stingray Sticker|stickers|common|0.0015
Subzero Scorpion Sticker|stickers|common|0.0015
Tada Sticker|stickers|common|0.0015
Tasmanian Tiger Sticker|stickers|common|0.0015
Treasure Chest Sticker|stickers|common|0.0015
T-Rex Rattle Sticker|stickers|common|0.0015
T-Rex Throw Toy Sticker|stickers|common|0.0015
Trick Or Treat Basket Sticker|stickers|common|0.0015
Urchin Sticker|stickers|common|0.0015
Aurora Fox Sticker|stickers|legendary|0.05
Bauble Buddies Sticker|stickers|ultra rare|0.01
Deinonychus Sticker|stickers|ultra rare|0.01
Basilisk Sticker|stickers|rare|0.005
Demisexual Bat Sticker|stickers|rare|0.005
Omnisex Pegasus Sticker|stickers|rare|0.005
Partridge Sticker|stickers|rare|0.005
Shetland Pony Dark Brown Sticker|stickers|uncommon|0.002
Snowy Mammoth Sticker|stickers|uncommon|0.002
Racoon Sticker|stickers|common|0.0015
Spinning Cat Animated Sticker|stickers|legendary|21
Cow Loves This Sticker|stickers|legendary|1
Round Fallow Deer Sticker|stickers|legendary|1
Long Ermine Sticker|stickers|legendary|1
Wailing Mr. Whiskerpips Sticker|stickers|legendary|1
Well, Actually Walrus Sticker|stickers|legendary|1
Winter Deer Family Sticker|stickers|legendary|1
Floating Hippo Sticker|stickers|ultra rare|0.045
Groovy Lobster Sticker|stickers|ultra rare|0.045
Joyful Cactus Friend Sticker|stickers|ultra rare|0.045
Juggling Water Moon Bear Sticker|stickers|ultra rare|0.045
Keyboard Warrior Komodo Dragon Sticker|stickers|ultra rare|0.045
Malayan Tapir Sticker|stickers|ultra rare|0.045
Sleepy Armadillo Sticker|stickers|ultra rare|0.045
Very Happy Clam Sticker|stickers|ultra rare|0.045
Cheeky Yellow Lipped Sea Krait Sticker|stickers|rare|0.02
Chill Leviathan Sticker|stickers|rare|0.02
Happy Guinea Pig Sticker|stickers|rare|0.02
Jumping Banded Palm Civet Sticker|stickers|rare|0.02
Pleading Tarsier Sticker|stickers|rare|0.02
Puckered Up Pufferfish Sticker|stickers|rare|0.02
Tree Kangaroo Family Sticker|stickers|rare|0.02
Healing Apple|food|common|0
Apple|food|common|0
Candy Cane|food|common|27
Golden Leaf|food|legendary|24
Broken Egg|food|legendary|2.25
Chocolate Egg|food|common|2.25
Christmas Pudding Pup Bait|food|ultra rare|6
Dim Sum|food|common|6.5
Goldenrod Flower|food|legendary|15
Chocolate|food|common|2
Chocolate Drop|food|common|1.75
Chocolate Twist|food|common|1.75
Golden Goldfish|food|legendary|1
Baked Alaska Bait|food|ultra rare|1.15
Leaf|food|ultra rare|1.75
Golden Wheat|food|legendary|0.9
Golden Plantain|food|legendary|0.9
Golden Clam|food|legendary|0.9
Mud Ball|food|legendary|0.9
Maple Leaf Treat|food|legendary|0.85
Golden Petunia|food|legendary|0.85
Golden Corn|food|legendary|0.75
Golden Bone|food|legendary|0.75
Diamond Lavender|food|legendary|0.8
Honey|food|legendary|0.7
Flaming Zebra Bait|food|rare|0.8
Ash Zebra Bait|food|common|0.6
Stars Egg|food|uncommon|0.55
Patterns Egg|food|uncommon|0.5
Stripes Egg|food|uncommon|0.5
Ice Tub|food|common|1.75
Golden Seed Ball|food|legendary|0.75
Cookie|food|common|1
Burnt Bites Bait|food|common|0.17
Winter Deer Bait|food|ultra rare|0.2
Blueberry Pie|food|common|0.18
Cake|food|common|0.18
Snapdragon Flower|food|legendary|0.15
Monkey Fairground Cotton Candy|food|common|0.2
Strawberry Shortcake|food|common|0.15
Shiver Cone Bait|food|rare|0.12
Burger|food|common|0.12
Popcorn|food|common|0.12
Soda|food|common|0.12
Taco|food|common|0.12
Fire Horse Apple|food|legendary|0.1
Bluebell Flower|food|ultra rare|0.1
Molten Melon|food|rare|0.09
Subzero Popsicle Bait|food|rare|0.08
Sweet Rice Drink|food|common|0.02
Rice Cake Soup|food|common|0.02
Candy Cane Cake|food|common|0.015
Snowflake Cookie|food|uncommon|0.015
Lebkuchen Cookie|food|common|0.01
Yule Log Treat|food|common|0.01
Seaweed|food|common|0.01
Mooncake|food|common|0.01
Strawberry Santa Snack|food|common|0.007
Cinnamon Roasted Almonds|food|common|0.005
Cinnamon Roll|food|uncommon|0.004
Ice Lolly|food|rare|0.003
Knafeh|food|rare|0.003
Coconut Drink|food|uncommon|0.003
Hot Cocoa|food|common|0.002
Baby Formula|food|common|0.001
Cotton Candy Stick|food|common|0.001
Baby Bottle|food|common|0.0002
Camper's Smore Treat|food|uncommon|0.0002
Candy Corn|food|common|0.0002
Cheese|food|common|0.0002
Chocolate Milk|food|common|0.0002
Coffee|food|common|0.0002
Ham|food|common|0.0002
Homemade Pizza|food|common|0.0002
Honey Candy|food|common|0.0002
Hotdog|food|common|0.0002
Ice Cream|food|common|0.0002
Ice Cream Cup|food|common|0.0002
Lemonade|food|common|0.0002
Pet Food|food|common|0.0002
Pet Treat|food|uncommon|0.0002
Raspberry Pie|food|common|0.0002
S'mores Cookie|food|common|0.0002
Snow Cone|food|common|0.0002
Tea|food|common|0.0002
Water Bottle|food|common|0.0002
Watermelon|food|common|0.0002
Free Popcorn|food|common|0
Sandwich|food|common|0.15
Free Sandwich|food|common|0
Golden Lettuce|food|legendary|2.75
Golden Dandelion|food|legendary|1
Premium Monkey Box|gifts|legendary|38
Golden Gift|gifts|legendary|23
Christmas Gift|gifts|legendary|7.5
Pet Handler Pro Certificate|gifts|legendary|2.1
1000 Bucks Silk Bag|gifts|uncommon|1.5
Rat Box|gifts|legendary|4.75
Golden Mistletoe|gifts|legendary|2
Monkey Box|gifts|rare|2
Premium Gorilla Box|gifts|legendary|1.75
Hermit Crab Box|gifts|legendary|1.25
Premium Gibbon Box|gifts|legendary|1
Premium Capuchin Box|gifts|legendary|1.15
Bat Box|gifts|rare|0.9
Regal Wing Chest|gifts|legendary|0.4
Pets Plus Sticker Pack|gifts|legendary|0.7
Duckling Box|gifts|legendary|0.5
Premium Sticker Pack|gifts|legendary|0.35
Walrus Box|gifts|legendary|0.7
Easter Eggy Box|gifts|legendary|0.35
Special Lunar New Year Gift Box|gifts|legendary|0.3
Moon Bear Box|gifts|legendary|0.25
Halloween Mummy Cat Box|gifts|common|0.3
Ox Box|gifts|ultra rare|0.25
Scarecrow Box|gifts|legendary|0.15
Standard Capuchin Box|gifts|rare|0.15
Hare Box|gifts|legendary|0.35
Lunar Tiger Box|gifts|legendary|0.15
Ice Tray|gifts|legendary|0.15
Wolf Box|gifts|legendary|0.5
Box Of Jokes|gifts|uncommon|0.125
Halloween Chick Box|gifts|legendary|0.125
Standard Gorilla Box|gifts|rare|0.125
Lunar New Year Gift Box|gifts|common|0.125
Kelp Raider Box|gifts|legendary|0.1
Standard Gibbon Box|gifts|rare|0.1
Pony Box|gifts|legendary|0.1
RGB Reward Box|gifts|legendary|0.07
Kaijunior Box|gifts|legendary|0.08
Regal Chest|gifts|legendary|0.015
Summer 2024 Sticker Pack|gifts|rare|0.05
Pride Sticker Pack|gifts|rare|0.04
Ocean Sticker Pack|gifts|rare|0.04
Winter 2024 Sticker Pack|gifts|rare|0.04
Fire Dimension Sticker Pack|gifts|rare|0.04
Halloween 2024 Sticker Pack|gifts|rare|0.04
Cherry Blossom 2025 Sticker Pack|gifts|rare|0.04
State Fair Stacker Pack|gifts|uncommon|0.05
Standard Wing Chest|gifts|legendary|0.03
Fossil Sticker Pack|gifts|legendary|0.05
Standard Sticker Pack|gifts|common|0.02
Standard Chest|gifts|legendary|0.005
Massive Gift|gifts|legendary|0.01
Big Gift|gifts|rare|0.005
Small Gift|gifts|common|0.002
Summer 2025 Sticker Pack|gifts|rare|0.04
State Fair Sticker Pack|gifts|uncommon|0.04
2D Box|gifts|common|0.1
Spider Box|gifts|legendary|0.08
Sugarfest 2026 Sticker Pack|gifts|rare|0.04
Aberdeen Angus Box|gifts|legendary|0.06
Admin Abuse Box|gifts|common|0.07
Halloween 2025 Sticker Pack|gifts|rare|0.04
Winter 2025 Sticker Pack|gifts|rare|0.04
Choccybunny Box|gifts|legendary|0.05
Vol. 2 Pets Plus Sticker Pack|gifts|legendary|0.8
Rubber Ducky Box|gifts|rare|0.03
Oakee Box|gifts|legendary|0.05
Fly A Pet Potion Forever|other|legendary|2.15
Ride A Pet Potion Forever|other|legendary|1.1
Water Walking Potion|other|rare|48
Heart Potion|other|uncommon|4
Snowflake Potion|other|uncommon|7
Sugar Skull Potion|other|ultra rare|3.75
Teleportation Potion|other|uncommon|2.5
Levitation Potion|other|ultra rare|3
Add|other|legendary|0
Big Add|other|common|0
Translucent Tea Potion|other|rare|0.07
Mahi Spinning Rod|other|common|0.06
Big Brew Potion|other|rare|0.05
Grow Potion|other|rare|0.05
Small Sip Potion|other|rare|0.04
Cure All Potion|other|rare|0.03
Anti-Gravity Potion|other|uncommon|0.001
Hyperspeed Potion|other|common|0.0004
Big Head Potion|other|common|0.0003
Super Age-Up Potion|other|legendary|2.5
Polymorph Potion|other|ultra rare|0.03
Preferred Potion|other|ultra rare|0.02
Choosy Potion|other|rare|0.01
Bonus Bucks Potion|other|rare|0.01
Bonus Aging Potion|other|uncommon|0.005
Busy Body Potion|other|uncommon|0.004
Future Sight Potion|other|uncommon|0.004
Goofy Potion|other|common|0.002
Home Potion|other|common|0.002
Secret Talent Potion|other|common|0.002
Add Small|other|legendary|0
Add Big|other|legendary|0
